"id","person_id","ceda_id","first_year","last_year","notes"
1,5,3,1844,1844,
2,7,3,1844,1844,
3,8,3,1858,1871,
4,12,3,1860,1871,
5,14,3,1843,1845,
6,16,3,1856,1860,
7,18,3,1864,1871,
8,22,3,1862,1871,
9,23,3,1844,1848,
10,28,3,1858,1858,
11,33,3,1862,1871,
12,38,3,1844,1847,
13,39,3,1850,1850,
14,40,3,1861,1868,
15,41,3,1852,1863,
16,42,3,1870,1871,
17,43,3,1854,1871,
18,45,3,1844,1851,
19,51,3,1865,1871,
20,54,3,1853,1870,
21,58,3,1867,1868,
22,60,3,1863,1871,
23,61,3,1866,1868,
24,66,3,1862,1863,
25,67,3,1861,1861,
27,73,3,1853,1869,
28,74,3,1862,1863,
29,80,3,1870,1871,
30,81,3,1869,1869,
31,82,3,1861,1871,
32,83,3,1865,1865,
33,84,3,1865,1871,
34,94,3,1861,1871,
35,95,3,1866,1871,
36,96,3,1858,1871,
37,98,3,1865,1871,
38,100,3,1846,1846,
39,108,3,1870,1871,
40,109,3,1844,1847,
41,118,3,1865,1871,
42,119,3,1869,1871,
43,123,3,1861,1861,
44,129,3,1870,1871,
45,132,3,1853,1869,
46,133,3,1853,1853,
47,136,3,1859,1863,
48,138,3,1856,1863,
50,144,3,1855,1856,
51,151,3,1852,1862,
52,152,3,1852,1855,
53,153,3,1844,1844,
54,154,3,1869,1871,
55,159,3,1844,1844,
56,169,3,1843,1844,
57,170,3,1850,1850,
58,177,3,1863,1867,
59,183,3,1869,1869,
60,188,3,1869,1869,
61,190,3,1866,1871,
62,192,3,1869,1869,
63,195,3,1866,1871,
64,205,3,1861,1871,
65,206,3,1860,1863,
66,207,3,1845,1845,
67,209,3,1862,1870,
68,210,3,1862,1871,
69,211,3,1870,1871,
70,212,3,1869,1871,
71,215,3,1861,1863,
72,220,3,1869,1871,
73,225,3,1844,1863,
74,226,3,1861,1868,
75,227,3,1861,1867,
76,230,3,1865,1865,
77,231,3,1850,1856,
78,232,3,1862,1871,
79,233,3,1846,1846,
80,235,3,1845,1845,
81,237,3,1844,1869,
82,239,3,1844,1850,
83,245,3,1844,1871,
84,246,3,1866,1871,
85,250,3,1844,1844,
86,252,3,1870,1871,
87,254,3,1846,1846,
88,260,3,1844,1857,
89,262,3,1850,1850,
90,264,3,1843,1851,
91,265,3,1845,1871,
92,266,3,1869,1871,
94,271,3,1844,1862,
95,278,3,1868,1871,
96,281,3,1844,1868,
97,288,3,1844,1844,
98,292,3,1861,1861,
99,296,3,1849,1849,
100,298,3,1863,1863,
101,300,3,1844,1844,
102,301,3,1843,1856,
103,304,3,1861,1863,
104,306,3,1853,1860,
105,313,3,1861,1864,
107,318,3,1863,1871,
108,327,3,1845,1847,
109,336,3,1861,1869,
110,337,3,1866,1871,
111,339,3,1866,1870,
112,340,3,1862,1863,
113,348,3,1870,1871,
114,350,3,1844,1871,
115,358,3,1866,1871,
116,361,3,1860,1860,
117,373,3,1864,1867,
118,375,3,1845,1848,
119,376,3,1852,1854,
120,379,3,1862,1871,
121,380,3,1869,1869,
122,387,3,1855,1871,
123,389,3,1860,1862,
124,393,3,1844,1871,
125,395,3,1844,1844,
126,399,3,1868,1871,
127,401,3,1844,1844,
128,403,3,1854,1865,
129,405,3,1862,1863,
130,408,3,1843,1848,
131,410,3,1844,1870,
132,411,3,1843,1843,
133,413,3,1867,1867,
134,414,3,1855,1855,
135,415,3,1862,1871,
136,417,3,1861,1871,
137,419,3,1861,1868,
138,424,3,1844,1848,
139,427,3,1844,1849,
140,428,3,1844,1844,
141,432,3,1844,1844,
142,436,3,1862,1866,
143,444,3,1860,1871,
144,446,3,1854,1871,
145,448,3,1844,1844,
146,454,3,1862,1871,
147,457,3,1867,1871,
148,459,3,1851,1855,
149,467,3,1861,1871,
150,471,3,1845,1871,
151,476,3,1844,1844,
152,492,3,1847,1868,
153,493,3,1861,1871,
154,496,3,1862,1868,
155,499,3,1860,1862,
156,500,3,1857,1871,
157,504,3,1862,1867,
158,507,3,1845,1857,
159,509,3,1844,1844,
160,510,3,1855,1871,
161,511,3,1869,1871,
162,512,3,1865,1868,
163,516,3,1860,1871,
164,518,3,1855,1871,
165,522,3,1856,1856,
166,523,3,1860,1863,
167,527,3,1858,1871,
168,529,3,1843,1865,
169,531,3,1868,1871,
170,534,3,1843,1851,
171,536,3,1861,1871,
172,537,3,1862,1863,
173,538,3,1860,1860,
175,553,3,1868,1871,
176,554,3,1869,1871,
177,557,3,1844,1844,
178,565,3,1869,1869,
179,567,3,1851,1862,
180,570,3,1862,1871,
181,571,3,1846,1852,
182,573,3,1865,1871,
183,574,3,1861,1869,
184,575,3,1862,1869,
185,576,3,1848,1848,
186,577,3,1866,1867,
187,581,3,1870,1871,
188,587,3,1856,1871,
189,591,3,1863,1869,
190,604,3,1844,1844,
191,611,3,1844,1863,
192,614,3,1844,1848,
193,615,3,1863,1868,
194,624,3,1870,1871,
195,626,3,1869,1869,
196,627,3,1843,1845,
197,628,3,1868,1871,
198,631,3,1844,1871,
199,632,3,1870,1871,
200,634,3,1843,1849,
201,636,3,1845,1850,
202,638,3,1862,1862,
203,640,3,1862,1871,
204,646,3,1870,1871,
205,649,3,1844,1857,
206,650,3,1857,1862,
207,651,3,1862,1863,
208,652,3,1855,1855,
209,655,3,1869,1871,
210,656,3,1849,1849,
211,658,3,1862,1862,
212,660,3,1844,1854,
213,661,3,1844,1859,
214,664,3,1843,1847,
215,666,3,1863,1871,
216,668,3,1861,1861,
217,670,3,1866,1871,
218,672,3,1861,1871,
219,679,3,1863,1871,
220,684,3,1870,1871,
221,688,3,1843,1847,
222,690,3,1846,1846,
223,698,3,1864,1871,
224,700,3,1854,1871,
225,704,3,1863,1867,
226,706,3,1870,1871,
227,707,3,1851,1863,
228,709,3,1868,1871,
229,711,3,1861,1863,
230,712,3,1847,1847,
231,713,3,1844,1852,
232,716,3,1869,1871,
233,718,3,1866,1869,
234,720,3,1869,1871,
235,724,3,1864,1868,
236,725,3,1844,1844,
237,730,3,1851,1871,
238,731,3,1851,1851,
239,732,3,1861,1871,
240,734,3,1863,1871,
241,738,3,1865,1871,
242,743,3,1853,1871,
243,744,3,1851,1852,
244,750,3,1866,1871,
245,753,3,1845,1845,
246,754,3,1861,1871,
247,755,3,1862,1871,
248,759,3,1869,1871,
249,761,3,1861,1871,
250,762,3,1846,1871,
251,765,3,1862,1863,
252,766,3,1862,1871,
253,769,3,1844,1846,
254,778,3,1862,1871,
255,780,3,1865,1871,
256,784,3,1852,1852,
257,785,3,1843,1856,
258,787,3,1845,1845,
259,790,3,1860,1862,
260,796,3,1844,1847,
261,797,3,1844,1847,
262,802,3,1860,1869,
263,805,3,1843,1860,
264,808,3,1855,1855,
266,811,3,1843,1844,
267,822,3,1844,1855,
268,824,3,1868,1869,
269,826,3,1865,1871,
270,830,3,1860,1862,
271,831,3,1860,1871,
272,832,3,1861,1871,
273,837,3,1848,1848,
274,838,3,1864,1866,
275,840,3,1843,1849,
276,841,3,1844,1849,
277,845,3,1844,1847,
278,848,3,1847,1847,
279,849,3,1869,1871,
280,853,3,1860,1867,
281,855,3,1862,1862,
282,856,3,1862,1871,
283,857,3,1870,1871,
284,861,3,1843,1850,
285,862,3,1846,1852,
286,864,3,1869,1871,
287,865,3,1863,1871,
288,867,3,1853,1871,
289,887,3,1861,1861,
290,892,3,1844,1848,
291,893,3,1869,1871,
292,894,3,1851,1853,
293,899,3,1863,1871,
294,902,3,1844,1850,
295,907,3,1844,1860,
296,908,3,1861,1862,
297,910,3,1869,1871,
298,913,3,1861,1861,
299,922,3,1862,1862,
300,924,3,1854,1871,
301,927,3,1863,1871,
302,929,3,1869,1871,
303,931,3,1867,1869,
304,932,3,1855,1871,
305,938,3,1871,1871,
306,939,3,1869,1869,
307,941,3,1844,1871,
308,946,3,1844,1844,
309,956,3,1844,1871,
310,960,3,1853,1853,
311,967,3,1844,1862,
312,968,3,1854,1871,
313,969,3,1863,1871,
314,970,3,1861,1868,
315,973,3,1843,1845,
316,976,3,1862,1867,
317,977,3,1861,1861,
318,978,3,1843,1845,
319,982,3,1868,1871,
320,984,3,1846,1851,
321,987,3,1864,1868,
322,988,3,1866,1871,
323,995,3,1854,1854,
324,1000,3,1866,1871,
325,1007,3,1844,1844,
326,1008,3,1869,1871,
327,1011,3,1853,1859,
328,1013,3,1862,1870,
329,1014,3,1856,1869,
330,1016,3,1866,1871,
331,1017,3,1870,1871,
332,1018,3,1862,1862,
333,1019,3,1867,1868,
335,1024,3,1863,1871,
336,1027,3,1848,1867,
337,1029,3,1844,1862,
338,1030,3,1854,1871,
339,1031,3,1869,1871,
340,1034,3,1844,1850,
341,1036,3,1860,1862,
342,1038,3,1854,1871,
343,1042,3,1851,1866,
344,1050,3,1870,1870,
345,1054,3,1863,1870,
346,1057,3,1869,1871,
347,1060,3,1864,1871,
348,1078,3,1866,1871,
349,1082,3,1862,1871,
350,1086,3,1848,1852,
351,1087,3,1869,1871,
352,1088,3,1861,1862,
353,1092,3,1846,1848,
354,1093,3,1844,1844,
355,1098,3,1847,1847,
356,1101,3,1844,1845,
357,1105,3,1853,1858,
358,1106,3,1855,1868,
359,1108,3,1868,1869,
360,1113,3,1844,1866,
361,1115,3,1843,1843,
362,1117,3,1844,1871,
363,1118,3,1861,1863,
364,1120,3,1844,1851,
365,1121,3,1856,1871,
366,1126,3,1843,1844,
367,1127,3,1869,1871,
368,1129,3,1854,1871,
369,1130,3,1848,1848,
370,1131,3,1843,1845,
372,1137,3,1855,1855,
373,1143,3,1863,1871,
374,1147,3,1869,1869,
375,1152,3,1861,1871,
376,1153,3,1861,1871,
377,1156,3,1867,1871,
378,1157,3,1867,1867,
379,1160,3,1844,1853,
380,1164,3,1852,1852,
381,1165,3,1857,1871,
382,1168,3,1856,1856,
383,1172,3,1863,1867,
384,1173,3,1853,1871,
385,1174,3,1869,1869,
386,1180,3,1870,1871,
387,1184,3,1843,1848,
388,1185,3,1870,1870,
389,1189,3,1869,1871,
391,1193,3,1866,1871,
392,1194,3,1854,1871,
393,1196,3,1861,1871,
394,1198,3,1850,1869,
395,1201,3,1855,1855,
396,1202,3,1866,1866,
397,1207,3,1844,1847,
398,1210,3,1844,1844,
399,1214,3,1861,1861,
400,1215,3,1844,1850,
401,1216,3,1844,1847,
402,1218,3,1861,1871,
403,1220,3,1863,1871,
404,1221,3,1848,1869,
405,1222,3,1854,1857,
406,1224,3,1869,1871,
407,1229,3,1850,1871,
408,1231,3,1845,1845,
409,1235,3,1863,1871,
410,1236,3,1861,1871,
411,1239,3,1870,1871,
412,1251,3,1865,1871,
413,1252,3,1861,1871,
414,1254,3,1856,1856,
415,1256,3,1861,1864,
416,1258,3,1862,1862,
417,1260,3,1861,1868,
418,1262,3,1850,1862,
419,1265,3,1854,1856,
420,1266,3,1869,1869,
421,1267,3,1866,1871,
422,1269,3,1844,1844,
423,1271,3,1844,1851,
424,1272,3,1844,1871,
425,1273,3,1844,1844,
426,1276,3,1866,1871,
427,1279,3,1864,1871,
428,1283,3,1862,1871,
429,1286,3,1844,1844,
430,1288,3,1866,1867,
431,1290,3,1844,1844,
432,1296,3,1868,1871,
433,1297,3,1844,1844,
434,1300,3,1869,1871,
435,1309,3,1861,1861,
436,1310,3,1861,1871,
437,1311,3,1865,1868,
438,1314,3,1867,1871,
439,1316,3,1844,1844,
440,1318,3,1854,1871,
441,1319,3,1864,1871,
442,1321,3,1856,1864,
443,1326,3,1854,1870,
444,1334,3,1870,1871,
445,1336,3,1866,1871,
446,1337,3,1854,1854,
447,1339,3,1854,1868,
448,1343,3,1861,1871,
449,1350,3,1844,1844,
450,1352,3,1843,1843,
451,1358,3,1851,1871,
452,1362,3,1861,1871,
453,1368,3,1853,1871,
454,1370,3,1864,1871,
455,1375,3,1868,1871,
456,1376,3,1858,1871,
457,1385,3,1869,1871,
458,1392,3,1854,1854,
459,1394,3,1864,1867,
460,1395,3,1863,1868,
461,1396,3,1868,1871,
462,1404,3,1844,1856,
463,1413,3,1844,1855,
464,1417,3,1869,1869,
465,1418,3,1870,1871,
466,1419,3,1869,1871,
467,1422,3,1869,1871,
468,1423,3,1869,1869,
469,1426,3,1870,1871,
471,1439,3,1865,1869,
472,1443,3,1865,1871,
473,1444,3,1853,1858,
474,1446,3,1843,1857,
475,1447,3,1870,1871,
476,1448,3,1860,1871,
477,1452,3,1861,1870,
478,1456,3,1851,1851,
479,1457,3,1844,1844,
480,1458,3,1866,1867,
481,1460,3,1861,1871,
482,1462,3,1863,1868,
483,1464,3,1848,1871,
484,1465,3,1870,1871,
485,1467,3,1844,1846,
486,1469,3,1844,1844,
487,1470,3,1868,1871,
488,1471,3,1844,1853,
489,1472,3,1845,1852,
490,1475,3,1870,1871,
491,1477,3,1843,1846,
492,1483,3,1869,1869,
493,1486,3,1855,1871,
494,1487,3,1858,1865,
495,1490,3,1862,1862,
496,1491,3,1862,1871,
497,1492,3,1868,1868,
498,1494,3,1862,1871,
499,1495,3,1860,1871,
501,1504,3,1861,1871,
502,1507,3,1851,1851,
503,1509,3,1870,1871,
504,1511,3,1846,1852,
505,1512,3,1860,1871,
506,1514,3,1845,1850,
507,1518,3,1860,1868,
508,1519,3,1868,1869,
509,1520,3,1869,1871,
510,1523,3,1868,1871,
511,1524,3,1867,1871,
512,1526,3,1853,1871,
513,1527,3,1868,1871,
514,1534,3,1848,1848,
515,1536,3,1844,1844,
516,1537,3,1861,1861,
517,1540,3,1868,1871,
518,1548,3,1862,1871,
519,1556,3,1848,1860,
520,1560,3,1860,1871,
521,1569,3,1856,1862,
522,1578,3,1865,1871,
523,1583,3,1853,1854,
524,1584,3,1854,1856,
525,1587,3,1860,1871,
526,1589,3,1864,1871,
527,1591,3,1852,1856,
528,1593,3,1862,1871,
529,1595,3,1851,1853,
530,1597,3,1861,1867,
531,1598,3,1861,1864,
532,1599,3,1861,1871,
533,1600,3,1860,1871,
534,1601,3,1851,1851,
535,1610,3,1869,1871,
536,1616,3,1866,1867,
537,1617,3,1868,1871,
538,1619,3,1865,1868,
539,1621,3,1844,1844,
540,1622,3,1844,1871,
541,1627,3,1863,1868,
542,1628,3,1869,1871,
543,1630,3,1861,1871,
544,1632,3,1868,1871,
545,1634,3,1844,1849,
546,1645,3,1866,1871,
547,1647,3,1864,1871,
548,1648,3,1860,1860,
550,1654,3,1853,1871,
551,1659,3,1853,1864,
552,1660,3,1855,1862,
553,1664,3,1843,1843,
554,1665,3,1862,1870,
555,1666,3,1867,1871,
556,1670,3,1862,1867,
557,1673,3,1861,1871,
558,1674,3,1853,1871,
559,1676,3,1845,1845,
560,1677,3,1864,1869,
561,1678,3,1864,1869,
562,1681,3,1848,1855,
563,1682,3,1844,1850,
564,1684,3,1861,1871,
565,1685,3,1861,1871,
566,1687,3,1854,1860,
567,1695,3,1863,1871,
568,1698,3,1844,1844,
569,1699,3,1858,1871,
570,1703,3,1845,1845,
571,1704,3,1860,1871,
572,1706,3,1853,1859,
573,1708,3,1870,1871,
574,1710,3,1853,1871,
575,1711,3,1867,1867,
576,1716,3,1866,1866,
577,1720,3,1866,1867,
578,1721,3,1852,1863,
579,1723,3,1863,1871,
580,1724,3,1853,1866,
581,1729,3,1843,1845,
582,1731,3,1845,1854,
583,1732,3,1847,1847,
584,1733,3,1867,1871,
585,1734,3,1847,1856,
586,1735,3,1860,1871,
587,1738,3,1861,1862,
588,1739,3,1865,1871,
589,1742,3,1870,1871,
590,1745,3,1860,1871,
591,1746,3,1855,1871,
592,1747,3,1844,1856,
593,1752,3,1843,1843,
594,1753,3,1861,1862,
595,1754,3,1861,1871,
596,1763,3,1860,1871,
597,1768,3,1845,1848,
598,1769,3,1862,1871,
599,1772,3,1867,1869,
600,1775,3,1860,1871,
601,1779,3,1862,1866,
602,1781,3,1869,1871,
603,1782,3,1861,1867,
604,1784,3,1843,1844,
605,1785,3,1846,1855,
607,1792,3,1861,1871,
608,1800,3,1853,1865,
609,1801,3,1852,1852,
611,1808,3,1862,1862,
612,1809,3,1866,1868,
613,1811,3,1843,1846,
614,1813,3,1866,1871,
615,1815,3,1844,1871,
616,1819,3,1853,1862,
617,1821,3,1870,1871,
618,1825,3,1853,1853,
619,1827,3,1864,1867,
620,1830,3,1861,1862,
621,1836,3,1858,1868,
622,1838,3,1864,1869,
623,1839,3,1865,1871,
624,1843,3,1862,1869,
625,1844,3,1843,1845,
626,1846,3,1862,1871,
627,1847,3,1862,1871,
628,1850,3,1860,1869,
629,1854,3,1844,1844,
630,1859,3,1869,1871,
631,1860,3,1867,1869,
632,1864,3,1844,1844,
633,1865,3,1844,1848,
634,1869,3,1844,1844,
635,1870,3,1861,1871,
636,1871,3,1868,1868,
637,1873,3,1844,1871,
638,1874,3,1844,1844,
639,1875,3,1861,1864,
640,1881,3,1860,1871,
641,1888,3,1869,1871,
642,1889,3,1845,1847,
643,1898,3,1862,1862,
644,1901,3,1861,1868,
645,1903,3,1861,1866,
646,1904,3,1862,1871,
647,1907,3,1850,1857,
648,1911,3,1861,1862,
649,1914,3,1843,1855,
650,1916,3,1863,1867,
651,1917,3,1844,1844,
652,1919,3,1861,1871,
653,1924,3,1852,1871,
654,1926,3,1863,1871,
655,1928,3,1844,1845,
656,1929,3,1844,1845,
657,1930,3,1844,1847,
658,1931,3,1862,1871,
659,1932,3,1861,1862,
660,1934,3,1854,1862,
661,1936,3,1861,1871,
662,1940,3,1859,1867,
663,1943,3,1864,1871,
664,1945,3,1863,1871,
665,1947,3,1866,1871,
666,1949,3,1862,1871,
667,1952,3,1844,1871,
668,1953,3,1869,1871,
669,1963,3,1862,1869,
670,1967,3,1861,1862,
671,1972,3,1844,1844,
672,1973,3,1854,1871,
673,1975,3,1843,1845,
674,1976,3,1844,1844,
675,1981,3,1866,1871,
676,1983,3,1861,1871,
677,1985,3,1846,1846,
678,1986,3,1863,1863,
679,1992,3,1854,1862,
680,1993,3,1860,1871,
681,1994,3,1867,1871,
682,1995,3,1861,1861,
683,2012,3,1865,1871,
684,2014,3,1863,1871,
685,2015,3,1858,1862,
686,2022,3,1854,1855,
687,2026,3,1844,1844,
688,2027,3,1866,1866,
689,2028,3,1864,1865,
690,2033,3,1866,1871,
691,2035,3,1854,1871,
692,2037,3,1863,1870,
693,2038,3,1863,1871,
694,2039,3,1852,1870,
695,2040,3,1870,1871,
696,2042,3,1866,1871,
697,2044,3,1851,1855,
698,2047,3,1856,1858,
699,2049,3,1844,1844,
700,2050,3,1844,1844,
701,2063,3,1857,1871,
702,2067,3,1849,1871,
703,2068,3,1866,1866,
704,2071,3,1856,1856,
705,2072,3,1844,1844,
706,2074,3,1852,1852,
707,2076,3,1843,1845,
708,2077,3,1845,1845,
710,2083,3,1860,1871,
711,2086,3,1866,1868,
712,2090,3,1865,1868,
713,2091,3,1865,1871,
714,2100,3,1869,1871,
715,2101,3,1844,1844,
716,2102,3,1864,1871,
717,2104,3,1853,1856,
718,2116,3,1845,1854,
719,2117,3,1854,1871,
720,2120,3,1854,1871,
721,2121,3,1866,1871,
722,2123,3,1862,1871,
723,2129,3,1847,1869,
724,2132,3,1844,1844,
725,2134,3,1862,1871,
726,2135,3,1867,1871,
727,2136,3,1844,1844,
728,2140,3,1843,1845,
729,2142,3,1862,1871,
730,2144,3,1855,1865,
731,2145,3,1862,1871,
732,2148,3,1844,1844,
733,2150,3,1861,1862,
734,2152,3,1862,1871,
735,2154,3,1864,1867,
736,2158,3,1865,1868,
737,2159,3,1869,1871,
738,2162,3,1846,1847,
739,2163,3,1844,1871,
740,2164,3,1844,1844,
741,2166,3,1862,1862,
742,2167,3,1844,1844,
743,2177,3,1862,1871,
744,2178,3,1847,1847,
745,2182,3,1862,1862,
746,2184,3,1853,1871,
747,2194,3,1855,1855,
748,2198,3,1858,1862,
749,2205,3,1845,1845,
750,2217,3,1869,1871,
751,2223,3,1862,1869,
752,2228,3,1857,1857,
753,2231,3,1860,1871,
754,2235,3,1863,1871,
755,2236,3,1848,1848,
756,2238,3,1853,1870,
757,2242,3,1870,1871,
758,2244,3,1853,1871,
759,2248,3,1844,1854,
760,2251,3,1860,1862,
761,2252,3,1844,1846,
762,2253,3,1845,1845,
763,2259,3,1865,1871,
764,1,4,1864,1867,
765,3,4,1865,1867,
766,4,4,1870,1871,
767,6,4,1864,1869,
768,11,4,1863,1866,
769,12,4,1863,1871,
770,13,4,1867,1868,
771,15,4,1867,1870,
772,17,4,1863,1867,
773,19,4,1863,1869,
774,25,4,1864,1867,
775,26,4,1866,1869,
776,27,4,1863,1870,
777,29,4,1867,1870,
778,30,4,1866,1869,
779,31,4,1866,1869,
780,34,4,1868,1868,
781,35,4,1865,1866,
782,36,4,1865,1867,
783,37,4,1865,1871,
784,44,4,1868,1871,
785,46,4,1864,1867,
786,47,4,1866,1866,
787,48,4,1864,1871,
788,49,4,1863,1865,
789,52,4,1868,1871,
790,53,4,1866,1871,
791,54,4,1865,1870,
792,55,4,1863,1869,
793,56,4,1869,1870,
794,57,4,1864,1871,
795,58,4,1864,1868,
796,59,4,1863,1867,
797,62,4,1865,1867,
798,64,4,1867,1867,
799,65,4,1868,1871,
800,68,4,1869,1871,
802,72,4,1865,1867,
805,78,4,1864,1871,
806,79,4,1864,1869,
807,82,4,1863,1871,
808,85,4,1867,1869,
809,86,4,1865,1869,
810,88,4,1863,1863,
811,90,4,1865,1871,
812,92,4,1864,1866,
813,93,4,1863,1869,
814,101,4,1865,1866,
815,102,4,1865,1866,
816,105,4,1865,1867,
817,106,4,1866,1869,
818,107,4,1865,1868,
819,111,4,1863,1869,
820,112,4,1863,1871,
821,113,4,1865,1871,
822,114,4,1865,1871,
823,115,4,1867,1868,
824,116,4,1864,1871,
825,117,4,1864,1867,
826,124,4,1866,1869,
827,126,4,1867,1871,
828,127,4,1866,1867,
829,128,4,1865,1871,
830,130,4,1864,1869,
831,131,4,1863,1867,
832,134,4,1863,1867,
833,139,4,1863,1866,
834,140,4,1865,1867,
835,142,4,1865,1871,
837,145,4,1865,1871,
838,150,4,1867,1869,
839,155,4,1865,1871,
840,156,4,1870,1871,
841,157,4,1865,1867,
842,158,4,1867,1867,
843,160,4,1867,1871,
844,161,4,1863,1871,
845,163,4,1867,1871,
846,165,4,1865,1869,
847,166,4,1866,1871,
848,167,4,1863,1869,
849,168,4,1868,1869,
850,171,4,1864,1871,
851,172,4,1863,1863,
852,173,4,1864,1869,
853,176,4,1868,1869,
854,178,4,1865,1871,
855,180,4,1864,1871,
856,181,4,1864,1868,
857,185,4,1865,1871,
858,187,4,1870,1871,
859,191,4,1863,1864,
861,194,4,1863,1868,
862,195,4,1865,1871,
863,196,4,1865,1867,
864,197,4,1863,1869,
865,198,4,1866,1868,
866,199,4,1864,1866,
867,200,4,1865,1868,
868,201,4,1863,1866,
869,203,4,1867,1871,
870,204,4,1863,1869,
871,208,4,1866,1871,
872,209,4,1863,1870,
873,213,4,1867,1869,
874,214,4,1863,1865,
875,216,4,1866,1869,
876,217,4,1863,1869,
877,218,4,1868,1871,
878,219,4,1869,1871,
879,220,4,1869,1871,
880,221,4,1865,1868,
881,222,4,1863,1869,
882,223,4,1865,1871,
883,224,4,1864,1867,
884,226,4,1863,1868,
885,227,4,1863,1867,
886,228,4,1863,1869,
887,229,4,1866,1871,
888,232,4,1863,1871,
889,236,4,1866,1869,
890,238,4,1866,1869,
891,241,4,1865,1866,
892,242,4,1863,1871,
893,243,4,1864,1871,
894,244,4,1865,1871,
895,249,4,1864,1871,
896,251,4,1867,1871,
897,253,4,1863,1867,
898,255,4,1863,1866,
899,256,4,1867,1869,
900,257,4,1869,1869,
901,258,4,1867,1871,
902,259,4,1863,1871,
903,261,4,1865,1871,
904,263,4,1864,1866,
905,267,4,1864,1865,
907,270,4,1863,1865,
908,272,4,1866,1869,
909,274,4,1863,1865,
910,275,4,1864,1870,
911,277,4,1864,1868,
912,279,4,1864,1866,
913,280,4,1865,1867,
914,282,4,1870,1871,
915,283,4,1864,1865,
916,284,4,1865,1865,
917,285,4,1864,1868,
918,286,4,1864,1871,
919,287,4,1864,1871,
920,289,4,1865,1871,
921,290,4,1865,1866,
922,291,4,1863,1863,
923,293,4,1867,1871,
924,294,4,1867,1870,
925,295,4,1863,1871,
926,297,4,1867,1871,
927,299,4,1864,1871,
928,302,4,1863,1871,
929,303,4,1867,1871,
930,305,4,1863,1869,
931,308,4,1865,1866,
932,309,4,1870,1870,
933,310,4,1864,1871,
934,312,4,1864,1868,
935,313,4,1863,1864,
936,314,4,1864,1871,
938,316,4,1864,1867,
939,317,4,1863,1871,
940,319,4,1866,1871,
941,320,4,1864,1871,
942,321,4,1867,1871,
943,322,4,1864,1866,
944,323,4,1864,1870,
945,324,4,1863,1865,
946,326,4,1866,1867,
947,328,4,1864,1871,
948,330,4,1864,1871,
949,331,4,1864,1869,
950,332,4,1870,1871,
951,333,4,1871,1871,
952,334,4,1867,1867,
953,335,4,1866,1867,
954,336,4,1863,1869,
955,338,4,1866,1871,
956,339,4,1869,1870,
957,341,4,1864,1869,
958,343,4,1864,1871,
959,345,4,1863,1867,
960,346,4,1865,1866,
961,347,4,1868,1871,
962,349,4,1866,1867,
963,351,4,1864,1867,
964,352,4,1864,1869,
965,353,4,1864,1866,
966,354,4,1868,1871,
967,355,4,1865,1871,
968,356,4,1867,1871,
970,359,4,1867,1867,
972,362,4,1863,1871,
973,363,4,1864,1867,
974,364,4,1863,1869,
975,365,4,1864,1865,
976,367,4,1863,1871,
977,368,4,1866,1869,
978,369,4,1868,1869,
979,370,4,1866,1871,
980,372,4,1865,1871,
981,374,4,1865,1871,
982,377,4,1865,1871,
983,378,4,1863,1871,
984,379,4,1863,1871,
985,381,4,1864,1871,
986,382,4,1866,1871,
987,383,4,1864,1871,
988,384,4,1865,1869,
989,385,4,1866,1871,
990,386,4,1864,1871,
992,390,4,1866,1869,
993,392,4,1863,1864,
994,394,4,1865,1870,
995,396,4,1865,1871,
996,397,4,1865,1871,
997,398,4,1867,1869,
998,406,4,1864,1865,
999,407,4,1864,1870,
1000,409,4,1863,1864,
1001,412,4,1866,1869,
1002,413,4,1865,1867,
1003,416,4,1865,1868,
1004,418,4,1868,1871,
1005,420,4,1869,1871,
1006,421,4,1868,1869,
1007,422,4,1863,1864,
1008,423,4,1863,1870,
1009,425,4,1864,1871,
1010,426,4,1865,1867,
1012,430,4,1867,1869,
1013,431,4,1867,1867,
1014,434,4,1867,1868,
1015,435,4,1864,1870,
1016,436,4,1863,1866,
1017,437,4,1867,1867,
1018,438,4,1870,1871,
1019,439,4,1868,1870,
1020,440,4,1864,1871,
1021,442,4,1864,1871,
1022,443,4,1865,1871,
1023,445,4,1868,1870,
1024,449,4,1864,1868,
1025,450,4,1865,1866,
1026,452,4,1863,1871,
1027,453,4,1863,1869,
1028,455,4,1866,1871,
1030,458,4,1867,1867,
1031,460,4,1869,1871,
1032,461,4,1869,1871,
1033,462,4,1864,1871,
1034,463,4,1865,1866,
1035,464,4,1863,1871,
1036,465,4,1866,1871,
1037,466,4,1865,1869,
1038,468,4,1863,1865,
1039,469,4,1863,1864,
1040,470,4,1867,1871,
1041,472,4,1864,1868,
1042,473,4,1864,1871,
1043,474,4,1864,1865,
1044,475,4,1865,1870,
1045,477,4,1864,1871,
1046,478,4,1867,1870,
1047,479,4,1864,1866,
1048,480,4,1865,1868,
1049,481,4,1866,1871,
1050,482,4,1866,1866,
1051,483,4,1864,1869,
1052,484,4,1864,1866,
1053,485,4,1867,1868,
1054,486,4,1865,1867,
1055,487,4,1864,1866,
1056,488,4,1867,1869,
1057,489,4,1869,1871,
1058,490,4,1868,1869,
1059,491,4,1866,1866,
1060,492,4,1863,1868,
1061,498,4,1864,1869,
1062,501,4,1863,1867,
1063,502,4,1863,1871,
1064,503,4,1864,1871,
1065,505,4,1863,1866,
1066,506,4,1870,1871,
1067,513,4,1867,1871,
1068,514,4,1867,1869,
1069,515,4,1863,1871,
1070,517,4,1867,1871,
1071,519,4,1863,1871,
1072,520,4,1866,1866,
1073,521,4,1866,1871,
1074,524,4,1867,1867,
1075,525,4,1864,1871,
1077,532,4,1866,1867,
1078,533,4,1863,1871,
1079,535,4,1867,1871,
1080,536,4,1863,1871,
1081,539,4,1868,1871,
1082,540,4,1866,1869,
1083,541,4,1863,1869,
1084,542,4,1867,1871,
1085,543,4,1864,1864,
1086,544,4,1864,1867,
1087,545,4,1867,1871,
1088,546,4,1869,1871,
1089,547,4,1866,1869,
1090,548,4,1866,1866,
1092,555,4,1863,1871,
1093,556,4,1866,1867,
1094,558,4,1865,1865,
1095,559,4,1863,1866,
1096,560,4,1864,1871,
1097,561,4,1867,1871,
1098,563,4,1866,1866,
1099,566,4,1864,1871,
1100,568,4,1863,1871,
1101,569,4,1865,1868,
1102,572,4,1864,1871,
1103,575,4,1863,1869,
1104,580,4,1868,1868,
1105,582,4,1863,1871,
1107,584,4,1868,1868,
1108,586,4,1864,1869,
1109,588,4,1866,1867,
1110,589,4,1863,1865,
1111,590,4,1865,1865,
1112,591,4,1868,1869,
1113,592,4,1863,1871,
1114,593,4,1863,1868,
1115,594,4,1865,1871,
1116,596,4,1868,1871,
1117,597,4,1867,1869,
1118,598,4,1867,1867,
1119,600,4,1865,1868,
1120,602,4,1866,1871,
1121,603,4,1865,1871,
1122,605,4,1865,1868,
1123,606,4,1864,1868,
1124,607,4,1864,1871,
1125,608,4,1863,1867,
1126,609,4,1864,1867,
1127,610,4,1867,1871,
1128,612,4,1866,1869,
1129,613,4,1865,1866,
1130,616,4,1865,1867,
1131,617,4,1867,1869,
1132,618,4,1863,1867,
1133,619,4,1866,1869,
1134,620,4,1864,1871,
1135,621,4,1865,1867,
1136,622,4,1866,1871,
1137,623,4,1868,1871,
1138,625,4,1867,1871,
1139,626,4,1864,1869,
1140,629,4,1866,1867,
1141,630,4,1867,1869,
1143,635,4,1867,1869,
1144,637,4,1867,1869,
1145,639,4,1864,1871,
1146,641,4,1867,1871,
1147,642,4,1863,1871,
1148,643,4,1867,1868,
1149,644,4,1866,1869,
1150,645,4,1869,1870,
1151,647,4,1868,1868,
1152,648,4,1865,1869,
1153,653,4,1867,1867,
1154,654,4,1865,1869,
1155,657,4,1867,1871,
1156,659,4,1865,1867,
1157,662,4,1865,1866,
1158,663,4,1866,1870,
1159,665,4,1868,1871,
1160,667,4,1865,1871,
1161,669,4,1869,1871,
1162,671,4,1864,1871,
1163,672,4,1863,1871,
1165,674,4,1867,1870,
1166,676,4,1864,1865,
1167,677,4,1867,1869,
1168,678,4,1864,1871,
1169,679,4,1867,1871,
1170,681,4,1866,1868,
1171,682,4,1864,1866,
1172,683,4,1863,1871,
1173,687,4,1865,1866,
1174,689,4,1864,1871,
1175,691,4,1865,1871,
1176,692,4,1863,1871,
1177,693,4,1863,1866,
1178,694,4,1867,1867,
1179,695,4,1866,1871,
1180,696,4,1866,1870,
1181,698,4,1864,1871,
1182,699,4,1864,1871,
1183,701,4,1866,1869,
1184,702,4,1866,1871,
1185,703,4,1865,1866,
1186,708,4,1867,1868,
1187,710,4,1863,1871,
1188,714,4,1868,1871,
1189,715,4,1863,1867,
1190,717,4,1867,1867,
1191,721,4,1867,1869,
1192,722,4,1865,1871,
1193,723,4,1863,1869,
1194,728,4,1864,1867,
1195,729,4,1863,1865,
1196,733,4,1869,1871,
1197,735,4,1863,1867,
1198,736,4,1866,1869,
1200,739,4,1864,1865,
1201,740,4,1864,1867,
1202,741,4,1868,1868,
1203,742,4,1863,1867,
1204,745,4,1863,1871,
1205,746,4,1863,1864,
1206,747,4,1863,1871,
1207,749,4,1865,1871,
1208,751,4,1868,1871,
1209,752,4,1865,1869,
1210,756,4,1868,1871,
1211,757,4,1868,1869,
1212,758,4,1866,1868,
1213,760,4,1864,1871,
1214,764,4,1863,1866,
1215,767,4,1863,1864,
1216,768,4,1866,1869,
1217,770,4,1864,1867,
1218,771,4,1866,1870,
1219,772,4,1863,1866,
1220,773,4,1863,1871,
1221,774,4,1863,1871,
1222,775,4,1863,1871,
1223,776,4,1864,1866,
1225,778,4,1863,1871,
1226,779,4,1866,1868,
1227,782,4,1865,1869,
1228,783,4,1863,1871,
1229,786,4,1863,1871,
1230,788,4,1864,1867,
1231,789,4,1865,1869,
1232,791,4,1865,1869,
1233,792,4,1864,1871,
1234,793,4,1866,1867,
1235,794,4,1868,1869,
1236,795,4,1865,1871,
1237,798,4,1863,1866,
1238,799,4,1864,1864,
1239,800,4,1867,1871,
1240,801,4,1865,1867,
1241,802,4,1863,1869,
1242,803,4,1863,1869,
1243,804,4,1863,1871,
1244,806,4,1867,1869,
1245,807,4,1866,1871,
1246,812,4,1863,1865,
1247,813,4,1865,1869,
1248,814,4,1867,1871,
1249,815,4,1867,1868,
1250,816,4,1865,1868,
1251,817,4,1869,1871,
1252,818,4,1867,1871,
1253,819,4,1863,1866,
1255,823,4,1867,1867,
1256,824,4,1865,1869,
1257,825,4,1867,1868,
1258,827,4,1867,1870,
1259,828,4,1863,1871,
1260,829,4,1863,1867,
1261,834,4,1865,1866,
1262,835,4,1865,1870,
1263,836,4,1866,1871,
1264,839,4,1865,1870,
1265,842,4,1864,1871,
1266,846,4,1863,1866,
1267,847,4,1865,1866,
1268,850,4,1868,1870,
1269,851,4,1863,1867,
1270,852,4,1866,1869,
1271,858,4,1867,1871,
1272,863,4,1869,1871,
1273,868,4,1863,1865,
1274,869,4,1868,1871,
1275,870,4,1866,1871,
1276,871,4,1864,1867,
1277,872,4,1865,1871,
1278,874,4,1870,1871,
1279,875,4,1865,1865,
1280,876,4,1864,1871,
1282,878,4,1865,1869,
1283,879,4,1865,1871,
1284,880,4,1864,1870,
1285,881,4,1864,1867,
1286,882,4,1867,1869,
1287,883,4,1867,1867,
1288,884,4,1864,1867,
1289,885,4,1865,1868,
1290,886,4,1865,1871,
1291,888,4,1866,1871,
1293,890,4,1867,1871,
1295,895,4,1868,1871,
1296,896,4,1869,1871,
1297,897,4,1865,1866,
1298,898,4,1865,1869,
1299,900,4,1866,1871,
1300,901,4,1865,1867,
1301,903,4,1864,1867,
1302,904,4,1867,1871,
1303,905,4,1864,1871,
1304,909,4,1864,1867,
1305,912,4,1867,1869,
1306,914,4,1870,1870,
1307,916,4,1864,1871,
1308,917,4,1864,1871,
1309,918,4,1869,1871,
1310,919,4,1868,1869,
1311,920,4,1865,1871,
1312,923,4,1863,1868,
1313,925,4,1870,1871,
1314,926,4,1870,1871,
1315,928,4,1865,1868,
1316,930,4,1867,1871,
1317,933,4,1863,1871,
1318,934,4,1869,1869,
1319,935,4,1865,1871,
1320,936,4,1870,1871,
1321,937,4,1865,1867,
1322,939,4,1868,1869,
1323,940,4,1863,1871,
1324,942,4,1863,1871,
1325,943,4,1863,1871,
1326,945,4,1867,1871,
1327,947,4,1866,1871,
1328,948,4,1865,1867,
1329,949,4,1867,1867,
1330,951,4,1870,1871,
1331,952,4,1864,1866,
1332,953,4,1863,1871,
1333,955,4,1866,1869,
1334,957,4,1864,1867,
1335,958,4,1869,1869,
1336,959,4,1864,1871,
1337,961,4,1865,1866,
1338,963,4,1864,1871,
1339,964,4,1865,1866,
1340,965,4,1863,1871,
1341,966,4,1863,1867,
1342,968,4,1863,1871,
1343,970,4,1863,1868,
1344,971,4,1870,1871,
1346,974,4,1866,1871,
1347,975,4,1864,1866,
1348,979,4,1865,1869,
1349,980,4,1868,1871,
1350,981,4,1865,1867,
1351,985,4,1870,1871,
1352,986,4,1866,1867,
1353,987,4,1863,1868,
1354,989,4,1863,1869,
1355,990,4,1865,1869,
1356,991,4,1867,1871,
1357,992,4,1863,1871,
1358,994,4,1868,1871,
1359,996,4,1863,1863,
1360,997,4,1865,1871,
1361,998,4,1866,1868,
1362,999,4,1868,1869,
1363,1001,4,1867,1871,
1364,1003,4,1864,1869,
1365,1004,4,1864,1871,
1366,1005,4,1866,1867,
1367,1006,4,1865,1866,
1368,1009,4,1868,1870,
1369,1010,4,1865,1868,
1370,1012,4,1864,1869,
1371,1013,4,1863,1870,
1372,1014,4,1863,1869,
1373,1015,4,1863,1867,
1374,1020,4,1865,1869,
1375,1021,4,1863,1871,
1377,1024,4,1863,1871,
1378,1025,4,1863,1871,
1379,1026,4,1865,1866,
1380,1028,4,1867,1869,
1382,1033,4,1863,1869,
1383,1039,4,1865,1867,
1384,1040,4,1864,1866,
1385,1042,4,1863,1866,
1386,1043,4,1866,1871,
1387,1044,4,1865,1867,
1388,1045,4,1863,1871,
1389,1046,4,1863,1864,
1390,1047,4,1863,1871,
1391,1049,4,1864,1866,
1392,1051,4,1867,1868,
1393,1052,4,1865,1871,
1394,1055,4,1863,1866,
1395,1056,4,1863,1866,
1396,1058,4,1869,1871,
1397,1059,4,1864,1868,
1398,1061,4,1864,1867,
1399,1062,4,1865,1866,
1400,1063,4,1864,1871,
1401,1064,4,1863,1871,
1402,1065,4,1867,1871,
1403,1066,4,1864,1865,
1404,1067,4,1865,1869,
1405,1068,4,1864,1866,
1406,1070,4,1865,1871,
1407,1072,4,1869,1871,
1408,1073,4,1864,1867,
1409,1074,4,1864,1867,
1410,1075,4,1865,1867,
1411,1076,4,1864,1868,
1412,1077,4,1867,1869,
1413,1080,4,1864,1869,
1414,1081,4,1864,1866,
1415,1083,4,1863,1868,
1416,1084,4,1869,1869,
1417,1085,4,1863,1866,
1418,1089,4,1867,1869,
1419,1090,4,1869,1869,
1420,1091,4,1867,1871,
1422,1095,4,1867,1871,
1423,1096,4,1867,1871,
1424,1097,4,1863,1871,
1425,1099,4,1868,1871,
1426,1100,4,1865,1867,
1427,1102,4,1864,1866,
1428,1103,4,1864,1867,
1429,1104,4,1863,1867,
1430,1107,4,1867,1871,
1431,1108,4,1867,1869,
1432,1109,4,1866,1871,
1433,1110,4,1866,1871,
1434,1111,4,1864,1871,
1435,1112,4,1865,1871,
1436,1114,4,1869,1871,
1438,1117,4,1866,1871,
1439,1118,4,1863,1863,
1440,1119,4,1864,1871,
1441,1121,4,1863,1871,
1442,1122,4,1864,1867,
1443,1123,4,1870,1871,
1444,1125,4,1867,1869,
1445,1128,4,1867,1869,
1446,1134,4,1865,1871,
1447,1135,4,1868,1871,
1448,1136,4,1866,1871,
1449,1138,4,1866,1871,
1450,1139,4,1863,1870,
1451,1141,4,1867,1868,
1452,1143,4,1864,1871,
1453,1144,4,1867,1871,
1454,1145,4,1864,1867,
1456,1148,4,1863,1871,
1457,1149,4,1864,1867,
1458,1150,4,1866,1867,
1459,1151,4,1869,1870,
1460,1152,4,1865,1871,
1461,1154,4,1864,1864,
1462,1155,4,1865,1867,
1463,1158,4,1864,1865,
1464,1159,4,1863,1871,
1465,1161,4,1866,1871,
1466,1162,4,1863,1864,
1467,1163,4,1866,1869,
1468,1166,4,1864,1867,
1469,1167,4,1863,1867,
1470,1169,4,1863,1867,
1471,1170,4,1865,1870,
1472,1171,4,1865,1869,
1473,1175,4,1866,1871,
1474,1176,4,1864,1871,
1475,1177,4,1865,1867,
1476,1178,4,1867,1869,
1477,1179,4,1865,1866,
1478,1181,4,1863,1867,
1479,1182,4,1868,1871,
1480,1183,4,1863,1871,
1481,1186,4,1866,1869,
1482,1188,4,1868,1871,
1483,1190,4,1867,1871,
1485,1192,4,1867,1871,
1486,1195,4,1865,1867,
1487,1196,4,1863,1871,
1488,1197,4,1864,1866,
1490,1200,4,1865,1869,
1491,1202,4,1866,1866,
1492,1203,4,1864,1871,
1493,1204,4,1864,1871,
1494,1206,4,1863,1867,
1495,1208,4,1866,1871,
1496,1209,4,1867,1867,
1497,1211,4,1865,1865,
1498,1213,4,1866,1867,
1499,1217,4,1867,1871,
1500,1218,4,1863,1871,
1501,1219,4,1863,1866,
1502,1221,4,1866,1869,
1503,1223,4,1866,1866,
1504,1225,4,1863,1868,
1505,1226,4,1863,1871,
1506,1227,4,1863,1871,
1507,1228,4,1866,1867,
1508,1230,4,1868,1871,
1509,1232,4,1866,1871,
1510,1233,4,1870,1870,
1511,1236,4,1863,1871,
1512,1237,4,1864,1868,
1513,1238,4,1864,1870,
1514,1240,4,1864,1871,
1515,1241,4,1866,1869,
1516,1242,4,1869,1871,
1517,1243,4,1864,1871,
1518,1244,4,1864,1867,
1519,1245,4,1863,1871,
1520,1246,4,1867,1869,
1521,1247,4,1866,1867,
1522,1248,4,1869,1871,
1523,1249,4,1865,1866,
1524,1250,4,1863,1868,
1525,1253,4,1865,1866,
1526,1255,4,1864,1869,
1527,1256,4,1863,1864,
1528,1257,4,1863,1871,
1529,1259,4,1864,1871,
1530,1261,4,1867,1871,
1531,1263,4,1867,1869,
1532,1264,4,1863,1871,
1533,1266,4,1869,1869,
1534,1274,4,1865,1871,
1535,1277,4,1867,1871,
1536,1281,4,1865,1867,
1537,1282,4,1865,1865,
1538,1284,4,1863,1863,
1539,1285,4,1864,1866,
1540,1287,4,1864,1866,
1541,1289,4,1865,1867,
1542,1291,4,1869,1871,
1543,1292,4,1866,1869,
1544,1293,4,1864,1865,
1545,1295,4,1864,1871,
1546,1298,4,1863,1871,
1547,1299,4,1863,1871,
1548,1301,4,1865,1869,
1549,1303,4,1868,1869,
1550,1305,4,1863,1871,
1551,1306,4,1863,1871,
1552,1307,4,1866,1867,
1553,1308,4,1869,1871,
1554,1312,4,1868,1871,
1555,1313,4,1866,1867,
1556,1315,4,1867,1871,
1557,1317,4,1863,1867,
1558,1320,4,1867,1869,
1559,1321,4,1863,1864,
1560,1323,4,1864,1870,
1561,1324,4,1865,1869,
1562,1325,4,1864,1870,
1563,1326,4,1863,1870,
1564,1327,4,1868,1871,
1565,1328,4,1865,1871,
1566,1329,4,1867,1871,
1567,1330,4,1866,1870,
1568,1331,4,1864,1871,
1569,1332,4,1863,1867,
1570,1335,4,1863,1871,
1571,1338,4,1867,1871,
1572,1339,4,1866,1868,
1573,1340,4,1867,1869,
1574,1341,4,1863,1869,
1575,1342,4,1867,1871,
1576,1343,4,1863,1871,
1577,1344,4,1867,1871,
1578,1345,4,1866,1871,
1579,1346,4,1867,1871,
1580,1349,4,1866,1869,
1581,1351,4,1864,1866,
1582,1353,4,1864,1871,
1583,1354,4,1864,1864,
1584,1355,4,1864,1864,
1585,1356,4,1866,1870,
1586,1357,4,1863,1871,
1587,1359,4,1864,1867,
1588,1361,4,1867,1871,
1589,1362,4,1863,1871,
1590,1364,4,1866,1871,
1591,1365,4,1865,1871,
1592,1366,4,1865,1865,
1593,1367,4,1869,1869,
1594,1368,4,1863,1871,
1595,1369,4,1863,1868,
1596,1370,4,1864,1871,
1597,1372,4,1868,1871,
1598,1373,4,1864,1866,
1599,1377,4,1865,1871,
1601,1379,4,1864,1867,
1602,1380,4,1864,1867,
1603,1381,4,1868,1871,
1604,1382,4,1864,1869,
1605,1383,4,1864,1867,
1606,1384,4,1867,1869,
1607,1386,4,1869,1869,
1608,1387,4,1869,1869,
1609,1388,4,1864,1871,
1610,1389,4,1864,1867,
1611,1390,4,1864,1871,
1612,1393,4,1864,1871,
1613,1397,4,1864,1866,
1614,1398,4,1864,1871,
1615,1399,4,1865,1871,
1616,1400,4,1863,1866,
1617,1401,4,1865,1869,
1618,1402,4,1864,1871,
1619,1403,4,1866,1871,
1620,1405,4,1866,1871,
1621,1406,4,1868,1871,
1622,1407,4,1866,1869,
1623,1408,4,1863,1871,
1624,1409,4,1870,1871,
1625,1410,4,1868,1870,
1626,1411,4,1866,1871,
1627,1412,4,1865,1871,
1628,1414,4,1863,1871,
1629,1415,4,1863,1867,
1630,1416,4,1863,1871,
1631,1420,4,1866,1869,
1632,1421,4,1864,1869,
1633,1424,4,1869,1871,
1634,1425,4,1867,1871,
1635,1427,4,1864,1867,
1636,1428,4,1864,1871,
1637,1429,4,1870,1871,
1638,1430,4,1864,1867,
1639,1431,4,1866,1871,
1640,1432,4,1865,1866,
1641,1433,4,1866,1870,
1642,1435,4,1866,1871,
1644,1437,4,1864,1866,
1645,1438,4,1868,1868,
1646,1440,4,1867,1871,
1647,1441,4,1864,1866,
1648,1442,4,1864,1864,
1649,1443,4,1865,1871,
1650,1445,4,1868,1869,
1651,1449,4,1863,1866,
1652,1450,4,1868,1868,
1653,1451,4,1867,1871,
1654,1453,4,1865,1868,
1655,1454,4,1865,1869,
1656,1455,4,1864,1866,
1657,1458,4,1864,1867,
1658,1459,4,1865,1871,
1659,1463,4,1865,1865,
1660,1465,4,1868,1871,
1661,1466,4,1870,1871,
1662,1468,4,1865,1871,
1663,1473,4,1863,1869,
1664,1474,4,1865,1865,
1665,1476,4,1866,1866,
1666,1478,4,1864,1867,
1667,1479,4,1864,1871,
1668,1480,4,1865,1871,
1669,1481,4,1863,1869,
1670,1482,4,1868,1871,
1671,1483,4,1866,1869,
1672,1484,4,1864,1871,
1673,1487,4,1863,1865,
1674,1488,4,1864,1866,
1675,1494,4,1864,1871,
1676,1495,4,1865,1871,
1677,1498,4,1864,1870,
1678,1499,4,1864,1868,
1679,1500,4,1868,1871,
1680,1501,4,1867,1871,
1681,1502,4,1863,1867,
1682,1503,4,1863,1871,
1683,1504,4,1863,1871,
1684,1505,4,1867,1871,
1685,1506,4,1865,1871,
1686,1508,4,1866,1871,
1687,1510,4,1864,1871,
1688,1513,4,1864,1869,
1689,1515,4,1864,1871,
1690,1519,4,1868,1869,
1691,1521,4,1865,1869,
1692,1522,4,1864,1871,
1693,1525,4,1864,1871,
1694,1528,4,1865,1866,
1695,1529,4,1863,1867,
1696,1530,4,1868,1871,
1697,1531,4,1863,1871,
1698,1532,4,1863,1871,
1699,1533,4,1864,1871,
1700,1535,4,1863,1866,
1701,1538,4,1867,1869,
1702,1539,4,1867,1869,
1703,1542,4,1863,1871,
1704,1543,4,1865,1866,
1705,1544,4,1865,1866,
1706,1546,4,1863,1870,
1707,1547,4,1870,1871,
1708,1549,4,1864,1869,
1709,1550,4,1868,1871,
1710,1551,4,1871,1871,
1711,1552,4,1863,1867,
1712,1553,4,1865,1866,
1713,1554,4,1865,1870,
1714,1555,4,1867,1871,
1715,1557,4,1867,1871,
1716,1558,4,1865,1868,
1717,1559,4,1867,1867,
1718,1561,4,1865,1867,
1719,1562,4,1866,1871,
1720,1563,4,1864,1871,
1721,1564,4,1863,1871,
1722,1565,4,1865,1869,
1723,1566,4,1867,1869,
1724,1567,4,1865,1871,
1725,1570,4,1866,1871,
1726,1572,4,1869,1869,
1727,1573,4,1866,1871,
1728,1574,4,1863,1871,
1729,1575,4,1866,1866,
1731,1577,4,1869,1871,
1732,1579,4,1866,1871,
1733,1580,4,1866,1871,
1734,1581,4,1864,1865,
1735,1582,4,1867,1869,
1736,1586,4,1865,1868,
1737,1588,4,1868,1871,
1738,1589,4,1863,1871,
1739,1590,4,1865,1871,
1740,1594,4,1866,1869,
1741,1597,4,1863,1867,
1742,1598,4,1863,1864,
1743,1600,4,1863,1871,
1744,1602,4,1864,1865,
1745,1603,4,1863,1869,
1746,1604,4,1864,1871,
1747,1605,4,1868,1869,
1748,1607,4,1863,1871,
1749,1608,4,1866,1867,
1750,1609,4,1866,1869,
1751,1610,4,1869,1871,
1752,1612,4,1864,1869,
1753,1613,4,1866,1866,
1754,1614,4,1866,1867,
1755,1615,4,1871,1871,
1756,1616,4,1863,1867,
1757,1618,4,1869,1870,
1758,1620,4,1867,1869,
1760,1624,4,1863,1871,
1761,1625,4,1866,1867,
1762,1626,4,1866,1867,
1763,1629,4,1870,1871,
1764,1631,4,1868,1871,
1766,1635,4,1865,1871,
1767,1639,4,1863,1871,
1768,1640,4,1866,1869,
1769,1641,4,1866,1869,
1770,1642,4,1864,1865,
1771,1643,4,1867,1867,
1773,1646,4,1863,1871,
1774,1650,4,1866,1867,
1775,1651,4,1866,1868,
1776,1652,4,1865,1871,
1778,1655,4,1866,1871,
1779,1656,4,1864,1869,
1780,1658,4,1864,1871,
1781,1661,4,1866,1871,
1782,1662,4,1863,1871,
1783,1663,4,1868,1871,
1784,1667,4,1867,1871,
1785,1668,4,1865,1871,
1786,1669,4,1864,1866,
1787,1671,4,1868,1871,
1788,1672,4,1866,1871,
1789,1673,4,1863,1871,
1790,1675,4,1867,1869,
1791,1678,4,1865,1869,
1792,1679,4,1863,1870,
1793,1680,4,1863,1866,
1794,1683,4,1863,1871,
1795,1685,4,1863,1871,
1796,1686,4,1863,1871,
1798,1690,4,1864,1866,
1799,1691,4,1867,1871,
1800,1692,4,1864,1869,
1801,1693,4,1864,1871,
1802,1694,4,1864,1871,
1803,1696,4,1865,1871,
1804,1697,4,1863,1871,
1805,1700,4,1870,1871,
1806,1701,4,1864,1866,
1807,1707,4,1863,1869,
1808,1709,4,1866,1869,
1809,1710,4,1863,1871,
1810,1712,4,1863,1865,
1811,1713,4,1865,1867,
1812,1714,4,1864,1868,
1813,1715,4,1867,1870,
1814,1717,4,1865,1866,
1815,1718,4,1864,1871,
1816,1719,4,1866,1866,
1817,1720,4,1866,1867,
1818,1725,4,1865,1865,
1819,1726,4,1865,1871,
1820,1727,4,1865,1871,
1821,1728,4,1863,1867,
1822,1730,4,1863,1869,
1823,1733,4,1867,1871,
1824,1736,4,1863,1867,
1825,1737,4,1864,1868,
1826,1739,4,1865,1871,
1827,1740,4,1866,1869,
1828,1741,4,1868,1871,
1829,1743,4,1865,1868,
1830,1745,4,1863,1871,
1831,1749,4,1864,1866,
1832,1750,4,1870,1871,
1833,1751,4,1865,1870,
1834,1756,4,1865,1866,
1835,1757,4,1865,1869,
1836,1759,4,1868,1871,
1837,1760,4,1867,1871,
1838,1761,4,1867,1868,
1839,1762,4,1864,1871,
1840,1763,4,1863,1871,
1841,1764,4,1868,1871,
1842,1765,4,1866,1866,
1843,1766,4,1870,1870,
1844,1767,4,1863,1871,
1845,1770,4,1867,1869,
1846,1771,4,1866,1871,
1847,1773,4,1867,1869,
1848,1774,4,1865,1868,
1849,1776,4,1863,1871,
1850,1777,4,1865,1869,
1851,1778,4,1864,1871,
1852,1779,4,1863,1866,
1853,1780,4,1865,1865,
1854,1789,4,1866,1871,
1855,1790,4,1863,1871,
1856,1791,4,1867,1871,
1857,1792,4,1863,1871,
1858,1794,4,1870,1871,
1859,1797,4,1863,1867,
1860,1802,4,1867,1869,
1862,1804,4,1863,1868,
1863,1805,4,1868,1869,
1864,1806,4,1866,1866,
1865,1807,4,1867,1871,
1866,1810,4,1867,1871,
1867,1812,4,1863,1871,
1868,1814,4,1864,1867,
1869,1816,4,1865,1869,
1870,1817,4,1863,1871,
1871,1820,4,1864,1869,
1872,1822,4,1866,1869,
1873,1823,4,1868,1871,
1874,1824,4,1866,1869,
1875,1826,4,1865,1867,
1876,1827,4,1865,1867,
1877,1828,4,1864,1871,
1878,1829,4,1863,1866,
1879,1831,4,1864,1869,
1880,1833,4,1864,1865,
1881,1835,4,1866,1871,
1882,1837,4,1865,1869,
1883,1840,4,1865,1869,
1884,1841,4,1864,1869,
1885,1842,4,1865,1871,
1886,1845,4,1866,1871,
1887,1846,4,1863,1871,
1888,1849,4,1864,1867,
1889,1853,4,1863,1871,
1890,1855,4,1865,1867,
1891,1856,4,1867,1871,
1892,1857,4,1865,1871,
1893,1858,4,1867,1869,
1894,1861,4,1865,1865,
1895,1863,4,1865,1866,
1896,1866,4,1864,1867,
1897,1867,4,1866,1871,
1898,1868,4,1863,1871,
1899,1872,4,1863,1867,
1900,1873,4,1864,1871,
1901,1876,4,1865,1871,
1902,1877,4,1865,1867,
1903,1878,4,1867,1869,
1904,1879,4,1865,1867,
1905,1881,4,1863,1871,
1906,1882,4,1866,1866,
1907,1883,4,1865,1866,
1908,1884,4,1863,1871,
1909,1885,4,1865,1869,
1910,1886,4,1863,1869,
1911,1887,4,1867,1871,
1912,1888,4,1864,1871,
1913,1890,4,1864,1866,
1914,1891,4,1863,1869,
1915,1892,4,1865,1871,
1916,1893,4,1868,1869,
1917,1894,4,1864,1871,
1918,1895,4,1866,1866,
1919,1896,4,1867,1868,
1920,1897,4,1864,1864,
1921,1899,4,1867,1869,
1922,1900,4,1863,1867,
1923,1901,4,1863,1868,
1924,1902,4,1864,1866,
1925,1905,4,1867,1871,
1927,1908,4,1868,1869,
1928,1909,4,1864,1871,
1929,1912,4,1864,1866,
1930,1913,4,1865,1865,
1931,1915,4,1867,1869,
1932,1916,4,1863,1867,
1933,1918,4,1864,1869,
1934,1920,4,1865,1871,
1935,1922,4,1864,1867,
1936,1923,4,1867,1869,
1937,1924,4,1865,1871,
1938,1926,4,1863,1871,
1939,1931,4,1863,1871,
1940,1935,4,1865,1871,
1941,1936,4,1863,1871,
1942,1937,4,1865,1870,
1943,1938,4,1868,1869,
1944,1939,4,1865,1867,
1945,1941,4,1867,1869,
1946,1943,4,1863,1871,
1947,1945,4,1863,1871,
1948,1946,4,1863,1871,
1949,1947,4,1867,1871,
1950,1948,4,1865,1869,
1951,1950,4,1863,1865,
1952,1951,4,1868,1869,
1953,1954,4,1866,1867,
1954,1955,4,1866,1870,
1956,1957,4,1864,1871,
1957,1958,4,1865,1869,
1958,1959,4,1870,1871,
1959,1960,4,1865,1871,
1960,1961,4,1867,1871,
1961,1962,4,1863,1867,
1962,1964,4,1866,1871,
1963,1965,4,1868,1871,
1964,1968,4,1868,1871,
1965,1970,4,1865,1871,
1966,1971,4,1863,1865,
1967,1974,4,1867,1871,
1968,1979,4,1869,1871,
1969,1980,4,1869,1871,
1970,1982,4,1865,1871,
1971,1984,4,1865,1867,
1972,1987,4,1865,1869,
1973,1988,4,1864,1871,
1974,1989,4,1870,1871,
1975,1990,4,1863,1864,
1976,1991,4,1868,1870,
1977,1996,4,1864,1867,
1978,1997,4,1863,1871,
1979,1998,4,1865,1866,
1980,1999,4,1865,1867,
1981,2000,4,1863,1869,
1982,2001,4,1866,1867,
1983,2002,4,1867,1870,
1984,2004,4,1865,1869,
1985,2005,4,1866,1869,
1986,2006,4,1867,1871,
1987,2008,4,1869,1870,
1988,2009,4,1864,1868,
1989,2011,4,1863,1864,
1990,2013,4,1863,1871,
1991,2016,4,1867,1867,
1992,2017,4,1866,1871,
1993,2018,4,1864,1867,
1994,2019,4,1864,1871,
1995,2020,4,1867,1867,
1996,2021,4,1866,1869,
1997,2023,4,1864,1871,
1998,2024,4,1866,1870,
1999,2025,4,1864,1866,
2000,2028,4,1863,1865,
2002,2036,4,1869,1871,
2003,2039,4,1863,1870,
2004,2042,4,1865,1871,
2005,2045,4,1864,1866,
2006,2046,4,1867,1871,
2007,2051,4,1867,1871,
2008,2053,4,1866,1866,
2009,2055,4,1863,1871,
2010,2056,4,1864,1865,
2011,2057,4,1863,1869,
2012,2059,4,1863,1871,
2013,2060,4,1865,1868,
2014,2063,4,1863,1871,
2015,2065,4,1868,1871,
2016,2066,4,1864,1871,
2017,2069,4,1865,1867,
2018,2070,4,1864,1864,
2019,2073,4,1867,1869,
2020,2075,4,1868,1869,
2021,2078,4,1865,1868,
2023,2081,4,1863,1871,
2024,2083,4,1865,1871,
2025,2084,4,1866,1871,
2026,2085,4,1865,1869,
2027,2087,4,1865,1865,
2028,2088,4,1863,1863,
2029,2089,4,1867,1871,
2030,2092,4,1863,1871,
2031,2093,4,1865,1871,
2032,2094,4,1863,1871,
2033,2095,4,1863,1871,
2034,2096,4,1865,1871,
2035,2097,4,1866,1869,
2036,2098,4,1868,1871,
2037,2099,4,1867,1871,
2038,2100,4,1863,1871,
2039,2102,4,1865,1871,
2040,2103,4,1863,1864,
2041,2105,4,1863,1864,
2042,2106,4,1870,1870,
2044,2108,4,1865,1868,
2045,2110,4,1866,1871,
2046,2111,4,1866,1869,
2047,2112,4,1867,1869,
2048,2113,4,1865,1871,
2049,2114,4,1865,1867,
2050,2115,4,1867,1868,
2051,2118,4,1863,1869,
2053,2122,4,1867,1871,
2054,2124,4,1865,1867,
2055,2125,4,1863,1867,
2056,2126,4,1865,1867,
2057,2127,4,1865,1869,
2058,2128,4,1863,1864,
2059,2130,4,1867,1870,
2060,2131,4,1865,1869,
2061,2133,4,1867,1871,
2062,2137,4,1863,1866,
2063,2138,4,1863,1869,
2064,2139,4,1864,1871,
2065,2141,4,1866,1866,
2066,2142,4,1863,1871,
2067,2143,4,1869,1871,
2068,2144,4,1863,1865,
2069,2146,4,1867,1869,
2070,2147,4,1867,1871,
2071,2149,4,1866,1867,
2072,2151,4,1869,1871,
2073,2152,4,1863,1871,
2074,2156,4,1867,1867,
2075,2157,4,1865,1868,
2076,2159,4,1863,1871,
2077,2160,4,1865,1867,
2078,2161,4,1866,1869,
2079,2168,4,1863,1864,
2080,2169,4,1863,1868,
2081,2170,4,1863,1869,
2082,2171,4,1863,1868,
2083,2172,4,1865,1866,
2084,2175,4,1863,1869,
2085,2176,4,1864,1869,
2086,2177,4,1863,1871,
2087,2181,4,1863,1864,
2088,2185,4,1866,1869,
2089,2186,4,1865,1869,
2090,2187,4,1866,1869,
2091,2188,4,1863,1869,
2092,2189,4,1867,1871,
2093,2190,4,1866,1868,
2094,2191,4,1870,1871,
2095,2192,4,1867,1869,
2096,2193,4,1867,1871,
2097,2195,4,1867,1871,
2098,2196,4,1865,1866,
2099,2197,4,1864,1865,
2100,2199,4,1867,1869,
2101,2200,4,1866,1869,
2102,2202,4,1866,1871,
2103,2203,4,1865,1869,
2104,2204,4,1863,1871,
2105,2206,4,1866,1871,
2106,2207,4,1863,1871,
2107,2208,4,1865,1865,
2108,2209,4,1867,1869,
2109,2210,4,1865,1869,
2110,2211,4,1865,1866,
2111,2212,4,1864,1867,
2112,2213,4,1868,1871,
2113,2214,4,1866,1871,
2114,2215,4,1864,1869,
2115,2216,4,1868,1871,
2116,2218,4,1866,1871,
2117,2219,4,1863,1866,
2118,2220,4,1864,1866,
2119,2221,4,1869,1871,
2120,2222,4,1868,1871,
2121,2224,4,1864,1865,
2122,2225,4,1866,1871,
2123,2226,4,1863,1867,
2124,2227,4,1868,1869,
2125,2229,4,1868,1871,
2126,2230,4,1865,1870,
2127,2233,4,1863,1871,
2128,2234,4,1863,1870,
2129,2235,4,1863,1871,
2130,2237,4,1863,1871,
2131,2239,4,1870,1871,
2132,2240,4,1865,1869,
2134,2243,4,1870,1870,
2135,2244,4,1863,1871,
2136,2245,4,1863,1865,
2137,2246,4,1867,1869,
2139,2249,4,1866,1867,
2140,2250,4,1867,1871,
2141,2254,4,1866,1869,
2142,2255,4,1864,1865,
2143,2258,4,1865,1871,
2144,2259,4,1866,1871,
2145,2260,4,1867,1871,
2146,4,6,1870,1871,
2147,8,6,1858,1871,
2148,12,6,1860,1871,
2149,18,6,1864,1871,
2150,33,6,1862,1871,
2151,42,6,1871,1871,
2152,43,6,1854,1871,
2153,44,6,1868,1871,
2154,48,6,1864,1871,
2155,51,6,1865,1871,
2156,53,6,1866,1871,
2157,54,6,1865,1870,
2158,57,6,1864,1871,
2159,60,6,1863,1871,
2160,65,6,1868,1871,
2161,68,6,1869,1871,
2164,78,6,1864,1871,
2165,80,6,1870,1871,
2166,82,6,1861,1871,
2167,84,6,1865,1871,
2168,90,6,1865,1871,
2169,94,6,1861,1871,
2170,95,6,1866,1871,
2171,96,6,1858,1871,
2172,98,6,1865,1871,
2173,108,6,1870,1871,
2174,112,6,1863,1871,
2175,113,6,1865,1871,
2176,114,6,1865,1871,
2177,116,6,1864,1871,
2178,118,6,1865,1871,
2179,126,6,1867,1871,
2181,145,6,1865,1871,
2182,154,6,1869,1871,
2183,155,6,1865,1871,
2184,156,6,1870,1871,
2185,161,6,1863,1871,
2186,163,6,1867,1871,
2187,171,6,1864,1871,
2188,178,6,1866,1871,
2189,185,6,1865,1871,
2190,187,6,1870,1871,
2191,190,6,1866,1871,
2193,195,6,1866,1871,
2194,205,6,1861,1871,
2195,209,6,1862,1870,
2196,210,6,1862,1871,
2197,212,6,1870,1871,
2198,219,6,1869,1871,
2199,220,6,1869,1871,
2200,223,6,1865,1871,
2201,232,6,1863,1871,
2202,242,6,1863,1871,
2203,243,6,1864,1871,
2204,244,6,1865,1871,
2205,245,6,1844,1871,
2206,249,6,1864,1871,
2207,251,6,1867,1871,
2208,252,6,1870,1871,
2209,258,6,1867,1871,
2210,259,6,1863,1871,
2211,261,6,1865,1871,
2212,265,6,1845,1871,
2213,266,6,1869,1871,
2215,282,6,1871,1871,
2216,287,6,1864,1871,
2217,289,6,1865,1871,
2218,293,6,1867,1871,
2219,297,6,1867,1871,
2220,303,6,1867,1871,
2221,313,6,1861,1864,
2223,318,6,1863,1871,
2224,319,6,1867,1871,
2225,320,6,1864,1871,
2226,321,6,1867,1871,
2227,328,6,1864,1871,
2228,332,6,1870,1871,
2229,337,6,1866,1871,
2230,338,6,1866,1871,
2231,339,6,1869,1870,
2232,343,6,1864,1871,
2233,347,6,1868,1871,
2234,348,6,1870,1871,
2235,350,6,1845,1871,
2236,354,6,1868,1871,
2237,355,6,1865,1871,
2238,356,6,1867,1871,
2241,362,6,1863,1871,
2242,370,6,1866,1871,
2243,372,6,1865,1871,
2244,377,6,1865,1871,
2245,378,6,1863,1871,
2246,379,6,1863,1871,
2247,381,6,1864,1871,
2248,383,6,1863,1871,
2249,385,6,1866,1871,
2250,387,6,1865,1871,
2252,393,6,1844,1871,
2253,396,6,1865,1871,
2254,397,6,1865,1871,
2255,399,6,1868,1871,
2256,413,6,1864,1867,
2257,415,6,1862,1871,
2258,417,6,1861,1871,
2259,420,6,1869,1871,
2260,425,6,1864,1871,
2262,438,6,1870,1871,
2263,440,6,1864,1871,
2264,443,6,1865,1871,
2265,446,6,1854,1871,
2266,452,6,1863,1871,
2267,454,6,1862,1871,
2268,455,6,1866,1871,
2269,460,6,1869,1871,
2270,462,6,1864,1871,
2271,464,6,1863,1871,
2272,465,6,1866,1871,
2273,470,6,1867,1871,
2274,471,6,1846,1871,
2275,473,6,1864,1871,
2276,477,6,1864,1871,
2277,481,6,1866,1871,
2278,489,6,1868,1871,
2279,493,6,1861,1871,
2280,503,6,1864,1871,
2281,506,6,1870,1871,
2282,507,6,1845,1857,
2283,510,6,1855,1871,
2284,511,6,1869,1871,
2285,513,6,1867,1871,
2286,515,6,1863,1871,
2287,516,6,1860,1871,
2288,517,6,1867,1871,
2289,521,6,1866,1871,
2290,527,6,1858,1871,
2291,531,6,1869,1871,
2292,535,6,1867,1871,
2293,536,6,1861,1871,
2294,539,6,1868,1871,
2295,542,6,1867,1871,
2296,545,6,1866,1871,
2297,546,6,1869,1871,
2299,553,6,1868,1871,
2300,554,6,1869,1871,
2301,555,6,1863,1871,
2302,566,6,1864,1871,
2303,570,6,1862,1871,
2304,572,6,1864,1871,
2305,581,6,1870,1871,
2306,582,6,1863,1871,
2308,587,6,1856,1871,
2309,594,6,1865,1871,
2310,602,6,1866,1871,
2311,607,6,1864,1871,
2312,623,6,1868,1871,
2313,624,6,1870,1871,
2314,625,6,1867,1871,
2315,626,6,1869,1869,
2316,628,6,1868,1871,
2317,631,6,1845,1871,
2319,639,6,1864,1871,
2320,640,6,1862,1871,
2321,643,6,1868,1868,
2322,646,6,1870,1871,
2323,655,6,1869,1871,
2324,657,6,1867,1871,
2325,666,6,1863,1871,
2326,671,6,1864,1871,
2327,672,6,1863,1871,
2329,678,6,1864,1871,
2330,679,6,1867,1871,
2331,684,6,1870,1871,
2332,689,6,1864,1871,
2333,698,6,1864,1871,
2334,699,6,1864,1871,
2335,700,6,1854,1871,
2336,702,6,1866,1871,
2337,706,6,1870,1871,
2338,710,6,1863,1871,
2339,716,6,1869,1871,
2340,718,6,1866,1869,
2341,720,6,1868,1871,
2342,730,6,1851,1871,
2343,732,6,1861,1871,
2344,733,6,1869,1871,
2345,734,6,1863,1871,
2347,738,6,1865,1871,
2348,743,6,1853,1871,
2349,746,6,1863,1864,
2350,748,6,1866,1871,
2351,750,6,1866,1871,
2352,754,6,1861,1871,
2353,755,6,1862,1871,
2354,759,6,1869,1871,
2355,760,6,1864,1871,
2356,761,6,1861,1871,
2357,762,6,1846,1871,
2358,766,6,1862,1871,
2359,774,6,1863,1871,
2360,778,6,1862,1871,
2361,780,6,1865,1871,
2362,786,6,1863,1871,
2363,795,6,1865,1871,
2364,802,6,1860,1869,
2365,807,6,1866,1871,
2367,814,6,1867,1871,
2368,817,6,1869,1871,
2369,818,6,1867,1871,
2371,824,6,1868,1869,
2372,826,6,1865,1871,
2373,828,6,1863,1871,
2374,831,6,1860,1871,
2375,832,6,1861,1871,
2376,836,6,1866,1871,
2377,842,6,1866,1871,
2378,849,6,1869,1871,
2379,856,6,1862,1871,
2380,857,6,1870,1871,
2381,864,6,1869,1871,
2382,865,6,1863,1871,
2383,867,6,1853,1871,
2384,874,6,1870,1871,
2385,876,6,1864,1871,
2387,879,6,1865,1871,
2388,886,6,1865,1871,
2389,888,6,1866,1871,
2391,890,6,1867,1871,
2392,893,6,1869,1871,
2393,895,6,1868,1871,
2394,896,6,1869,1871,
2395,899,6,1863,1871,
2396,900,6,1866,1871,
2397,905,6,1864,1871,
2398,910,6,1869,1871,
2399,916,6,1864,1871,
2400,917,6,1864,1871,
2401,918,6,1869,1871,
2402,924,6,1854,1871,
2403,925,6,1870,1871,
2404,926,6,1870,1871,
2405,929,6,1869,1871,
2406,932,6,1855,1871,
2407,933,6,1863,1871,
2408,936,6,1870,1871,
2409,938,6,1871,1871,
2410,940,6,1863,1871,
2411,941,6,1844,1871,
2412,942,6,1863,1871,
2413,943,6,1863,1871,
2414,951,6,1870,1871,
2415,956,6,1845,1871,
2416,963,6,1864,1871,
2417,968,6,1863,1871,
2418,969,6,1863,1871,
2419,971,6,1870,1871,
2421,982,6,1868,1871,
2422,985,6,1870,1871,
2423,988,6,1867,1871,
2424,994,6,1868,1871,
2425,997,6,1865,1871,
2426,1000,6,1856,1871,
2427,1004,6,1864,1871,
2428,1008,6,1869,1871,
2429,1016,6,1866,1871,
2430,1017,6,1870,1871,
2431,1021,6,1863,1871,
2433,1024,6,1863,1871,
2434,1030,6,1854,1871,
2436,1038,6,1854,1871,
2437,1043,6,1863,1871,
2438,1045,6,1863,1871,
2439,1047,6,1863,1871,
2440,1052,6,1865,1871,
2441,1057,6,1869,1871,
2442,1058,6,1869,1871,
2443,1060,6,1864,1871,
2444,1063,6,1864,1871,
2445,1064,6,1863,1871,
2446,1065,6,1867,1871,
2447,1070,6,1865,1871,
2448,1072,6,1869,1871,
2449,1078,6,1866,1871,
2450,1082,6,1862,1871,
2451,1087,6,1869,1871,
2453,1099,6,1868,1871,
2454,1107,6,1867,1871,
2455,1110,6,1866,1871,
2456,1111,6,1864,1871,
2457,1112,6,1865,1871,
2458,1114,6,1869,1871,
2460,1117,6,1866,1871,
2461,1121,6,1856,1871,
2462,1123,6,1870,1871,
2463,1127,6,1869,1871,
2464,1129,6,1854,1871,
2466,1139,6,1863,1870,
2467,1143,6,1864,1871,
2468,1144,6,1867,1871,
2470,1148,6,1863,1871,
2471,1152,6,1865,1871,
2472,1153,6,1861,1871,
2473,1156,6,1867,1871,
2474,1160,6,1844,1853,
2475,1165,6,1867,1871,
2476,1173,6,1853,1871,
2477,1180,6,1870,1871,
2478,1183,6,1863,1871,
2479,1189,6,1869,1871,
2480,1190,6,1867,1871,
2481,1193,6,1866,1871,
2482,1194,6,1854,1871,
2483,1196,6,1861,1871,
2485,1218,6,1861,1871,
2486,1220,6,1863,1871,
2487,1221,6,1866,1869,
2488,1224,6,1869,1871,
2489,1227,6,1863,1871,
2490,1229,6,1850,1871,
2491,1230,6,1868,1871,
2492,1235,6,1863,1871,
2493,1236,6,1861,1871,
2494,1240,6,1864,1871,
2495,1242,6,1869,1871,
2496,1243,6,1864,1871,
2497,1248,6,1869,1871,
2498,1251,6,1865,1871,
2499,1252,6,1861,1871,
2500,1257,6,1863,1871,
2501,1261,6,1867,1871,
2502,1264,6,1867,1871,
2503,1266,6,1869,1869,
2504,1267,6,1867,1871,
2505,1272,6,1855,1871,
2506,1276,6,1866,1871,
2507,1279,6,1864,1871,
2508,1283,6,1862,1871,
2509,1291,6,1869,1871,
2510,1295,6,1864,1871,
2511,1296,6,1868,1871,
2512,1300,6,1869,1871,
2513,1305,6,1863,1871,
2514,1306,6,1863,1871,
2515,1310,6,1861,1871,
2516,1314,6,1867,1871,
2517,1315,6,1867,1871,
2518,1318,6,1854,1871,
2519,1319,6,1864,1871,
2520,1321,6,1856,1864,
2521,1326,6,1854,1870,
2522,1327,6,1868,1871,
2523,1331,6,1864,1871,
2524,1334,6,1870,1871,
2525,1335,6,1863,1871,
2526,1336,6,1866,1871,
2527,1338,6,1867,1871,
2528,1342,6,1867,1871,
2529,1343,6,1861,1871,
2530,1344,6,1867,1871,
2531,1346,6,1867,1871,
2532,1353,6,1863,1871,
2533,1358,6,1851,1871,
2534,1361,6,1867,1871,
2535,1362,6,1863,1871,
2536,1364,6,1866,1871,
2537,1368,6,1863,1871,
2538,1370,6,1864,1871,
2539,1375,6,1868,1871,
2540,1376,6,1858,1871,
2542,1385,6,1869,1871,
2543,1393,6,1864,1871,
2544,1396,6,1868,1871,
2545,1398,6,1864,1871,
2546,1399,6,1865,1871,
2547,1402,6,1864,1871,
2548,1403,6,1866,1871,
2549,1405,6,1866,1871,
2550,1408,6,1863,1871,
2551,1411,6,1866,1871,
2552,1414,6,1863,1871,
2553,1418,6,1871,1871,
2554,1419,6,1869,1871,
2555,1422,6,1869,1871,
2556,1424,6,1869,1871,
2557,1426,6,1870,1871,
2558,1428,6,1864,1871,
2559,1429,6,1870,1871,
2561,1440,6,1867,1871,
2562,1443,6,1865,1871,
2563,1447,6,1870,1871,
2564,1451,6,1867,1871,
2565,1459,6,1865,1871,
2566,1460,6,1868,1871,
2567,1464,6,1848,1871,
2568,1466,6,1870,1871,
2569,1470,6,1868,1871,
2570,1475,6,1870,1871,
2571,1479,6,1863,1871,
2572,1480,6,1865,1871,
2573,1483,6,1869,1869,
2574,1486,6,1855,1871,
2575,1487,6,1858,1865,
2576,1494,6,1862,1871,
2577,1495,6,1860,1871,
2579,1500,6,1868,1871,
2580,1501,6,1867,1871,
2581,1503,6,1863,1871,
2582,1504,6,1861,1871,
2583,1505,6,1867,1871,
2584,1506,6,1865,1871,
2585,1509,6,1870,1871,
2586,1510,6,1864,1871,
2587,1512,6,1860,1871,
2588,1519,6,1868,1869,
2589,1520,6,1869,1871,
2590,1522,6,1864,1871,
2591,1523,6,1868,1871,
2592,1524,6,1867,1871,
2593,1525,6,1864,1871,
2594,1526,6,1853,1871,
2595,1527,6,1869,1871,
2596,1530,6,1868,1871,
2597,1531,6,1863,1871,
2598,1532,6,1863,1871,
2599,1533,6,1864,1871,
2600,1540,6,1868,1871,
2601,1547,6,1870,1871,
2602,1550,6,1868,1871,
2603,1555,6,1867,1871,
2604,1560,6,1860,1871,
2605,1562,6,1866,1871,
2606,1564,6,1863,1871,
2607,1570,6,1866,1871,
2608,1573,6,1866,1871,
2609,1574,6,1863,1871,
2611,1577,6,1869,1871,
2612,1587,6,1860,1871,
2613,1589,6,1863,1871,
2614,1593,6,1862,1871,
2615,1597,6,1861,1867,
2616,1599,6,1861,1871,
2617,1600,6,1860,1871,
2618,1604,6,1866,1871,
2619,1610,6,1869,1871,
2620,1615,6,1871,1871,
2621,1622,6,1844,1871,
2623,1628,6,1869,1871,
2624,1631,6,1868,1871,
2625,1632,6,1868,1871,
2627,1635,6,1865,1871,
2628,1639,6,1863,1871,
2629,1645,6,1866,1871,
2630,1647,6,1865,1871,
2631,1652,6,1865,1871,
2633,1654,6,1853,1871,
2634,1658,6,1864,1871,
2635,1662,6,1863,1871,
2636,1666,6,1867,1871,
2637,1667,6,1867,1871,
2638,1668,6,1865,1871,
2639,1671,6,1868,1871,
2640,1672,6,1866,1871,
2641,1673,6,1863,1871,
2642,1674,6,1853,1871,
2643,1684,6,1861,1871,
2644,1685,6,1861,1871,
2645,1686,6,1863,1871,
2647,1691,6,1867,1871,
2648,1693,6,1867,1871,
2649,1694,6,1864,1871,
2650,1695,6,1863,1871,
2651,1700,6,1870,1871,
2652,1704,6,1850,1871,
2653,1708,6,1870,1871,
2654,1710,6,1863,1871,
2655,1718,6,1864,1871,
2656,1721,6,1852,1863,
2657,1726,6,1865,1871,
2658,1727,6,1865,1871,
2659,1733,6,1867,1871,
2660,1735,6,1860,1871,
2661,1739,6,1865,1871,
2662,1740,6,1866,1869,
2663,1741,6,1868,1871,
2664,1742,6,1870,1871,
2665,1745,6,1860,1871,
2666,1750,6,1870,1871,
2667,1754,6,1861,1871,
2668,1758,6,1871,1871,
2669,1760,6,1867,1871,
2670,1762,6,1864,1871,
2671,1763,6,1860,1871,
2672,1764,6,1868,1871,
2673,1769,6,1862,1871,
2674,1771,6,1866,1871,
2675,1775,6,1860,1871,
2676,1776,6,1863,1871,
2677,1778,6,1864,1871,
2678,1781,6,1869,1871,
2680,1789,6,1866,1871,
2681,1791,6,1867,1871,
2682,1792,6,1861,1871,
2683,1794,6,1870,1871,
2685,1810,6,1867,1871,
2686,1812,6,1863,1871,
2687,1813,6,1866,1871,
2688,1815,6,1855,1871,
2689,1823,6,1868,1871,
2690,1828,6,1864,1871,
2691,1835,6,1866,1871,
2692,1839,6,1865,1871,
2693,1846,6,1863,1871,
2694,1847,6,1862,1871,
2695,1853,6,1863,1871,
2696,1857,6,1865,1871,
2697,1859,6,1869,1871,
2698,1867,6,1866,1871,
2699,1868,6,1863,1871,
2700,1870,6,1861,1871,
2701,1873,6,1864,1871,
2702,1881,6,1863,1871,
2703,1884,6,1863,1871,
2704,1887,6,1867,1871,
2705,1888,6,1869,1871,
2706,1892,6,1865,1871,
2707,1904,6,1862,1871,
2708,1905,6,1867,1871,
2710,1909,6,1864,1871,
2711,1919,6,1861,1871,
2712,1924,6,1852,1871,
2713,1926,6,1863,1871,
2714,1931,6,1863,1871,
2715,1936,6,1863,1871,
2716,1943,6,1863,1871,
2717,1945,6,1863,1871,
2718,1946,6,1863,1871,
2719,1947,6,1867,1871,
2720,1949,6,1862,1871,
2721,1952,6,1855,1871,
2722,1953,6,1869,1871,
2723,1955,6,1866,1870,
2725,1957,6,1864,1871,
2726,1960,6,1865,1871,
2727,1961,6,1867,1871,
2728,1965,6,1868,1871,
2729,1968,6,1868,1871,
2730,1970,6,1865,1871,
2731,1974,6,1871,1871,
2732,1980,6,1869,1871,
2733,1982,6,1865,1871,
2734,1983,6,1861,1871,
2735,1989,6,1871,1871,
2736,1991,6,1868,1870,
2737,1993,6,1860,1871,
2738,2012,6,1865,1871,
2739,2013,6,1863,1871,
2740,2014,6,1863,1871,
2741,2017,6,1866,1871,
2742,2019,6,1864,1871,
2743,2023,6,1864,1871,
2744,2024,6,1866,1870,
2746,2033,6,1866,1871,
2747,2035,6,1854,1871,
2748,2038,6,1863,1871,
2749,2039,6,1852,1870,
2750,2040,6,1870,1871,
2751,2042,6,1865,1871,
2752,2046,6,1867,1871,
2753,2051,6,1867,1871,
2754,2059,6,1863,1871,
2755,2063,6,1863,1871,
2756,2066,6,1864,1871,
2757,2067,6,1849,1871,
2760,2083,6,1860,1871,
2761,2091,6,1865,1871,
2762,2092,6,1871,1871,
2763,2094,6,1863,1871,
2764,2100,6,1863,1871,
2765,2102,6,1865,1871,
2767,2110,6,1866,1871,
2768,2113,6,1865,1871,
2769,2117,6,1854,1871,
2771,2120,6,1854,1871,
2772,2121,6,1866,1871,
2773,2122,6,1867,1871,
2774,2123,6,1862,1871,
2775,2139,6,1864,1871,
2776,2142,6,1863,1871,
2777,2143,6,1869,1871,
2778,2152,6,1862,1871,
2779,2159,6,1863,1871,
2780,2163,6,1846,1871,
2781,2177,6,1862,1871,
2782,2184,6,1853,1871,
2783,2193,6,1867,1871,
2784,2195,6,1867,1871,
2785,2204,6,1863,1871,
2786,2206,6,1866,1871,
2787,2213,6,1868,1871,
2788,2214,6,1866,1871,
2789,2217,6,1869,1871,
2790,2218,6,1866,1871,
2791,2221,6,1869,1871,
2792,2222,6,1868,1871,
2793,2231,6,1860,1871,
2794,2233,6,1863,1871,
2795,2235,6,1863,1871,
2797,2242,6,1870,1871,
2798,2244,6,1853,1871,
2800,2258,6,1865,1871,
2801,2259,6,1865,1871,
2802,23,2,1838,1848,
2803,95,2,1839,1871,
2804,151,2,1847,1862,
2805,152,2,1838,1855,
2806,288,2,1839,1839,
2807,403,2,1840,1865,
2808,404,2,1839,1839,
2809,419,2,1839,1868,
2814,1117,2,1838,1871,
2817,1972,2,1838,1838,
2849,2233,2,1864,1867,
2850,2232,2,1864,1864,
2851,2211,2,1838,1865,
2852,2208,2,1862,1867,
2853,2108,2,1853,1864,
2854,2059,2,1864,1866,
2855,2048,2,1839,1840,
2856,2021,2,1863,1863,
2857,1969,2,1839,1839,
2858,1901,2,1860,1860,
2859,1873,2,1839,1851,
2860,1838,2,1839,1851,
2861,1800,2,1847,1851,
2862,1744,2,1839,1852,
2863,1725,2,1839,1840,
2864,1706,2,1839,1851,
2865,1702,2,1851,1852,
2866,1627,2,1838,1840,
2867,1358,2,1839,1851,
2868,1304,2,1847,1847,
2869,1297,2,1851,1851,
2870,1290,2,1847,1850,
2871,1216,2,1862,1862,
2872,1207,2,1851,1855,
2873,1092,2,1862,1862,
2874,1051,2,1865,1867,
2875,1037,2,1857,1867,
2876,1021,2,1857,1866,
2877,979,2,1840,1867,
2878,967,2,1838,1866,
2879,967,1,1839,1847,
2880,941,2,1865,1867,
2881,893,2,1866,1867,
2882,853,2,1851,1860,
2883,833,2,1849,1857,
2884,831,2,1839,1851,
2886,776,2,1851,1863,
2887,732,2,1838,1852,
2888,731,2,1860,1867,
2889,730,2,1851,1867,
2890,729,2,1866,1867,
2891,706,2,1859,1859,
2892,656,2,1838,1867,
2893,603,2,1839,1840,
2894,600,2,1839,1840,
2895,579,2,1847,1851,
2897,523,2,1864,1865,
2898,511,2,1838,1862,
2899,503,2,1851,1855,
2900,474,2,1862,1862,
2901,455,2,1862,1862,
2902,454,2,1861,1862,
2903,448,2,1860,1867,
2905,411,2,1867,1867,
2907,393,2,1839,1851,
2908,391,2,1857,1867,
2909,347,2,1839,1840,
2910,322,2,1851,1867,
2911,303,2,1854,1854,
2912,300,2,1852,1855,
2913,249,2,1861,1863,
2914,182,2,1860,1860,
2915,163,2,1860,1860,
2916,153,2,1840,1850,
2918,107,2,1838,1840,
2919,94,2,1861,1864,
2920,91,2,1867,1867,
2921,87,2,1860,1860,
2922,81,2,1851,1867,
2923,80,2,1839,1867,
2924,28,2,1838,1840,
2925,28,1,1837,1842,
2926,27,2,1861,1867,
2928,2261,2,1861,1867,
2929,2262,2,1860,1867,
2930,2263,2,1852,1860,
2931,2264,2,1838,1851,
2932,2265,2,1839,1840,
2933,2266,2,1851,1864,
2935,2268,2,1852,1854,
2937,2270,2,1855,1862,
2938,2271,2,1860,1862,
2940,2273,2,1860,1860,
2941,2274,2,1861,1862,
2942,2275,2,1861,1867,
2943,2276,2,1865,1865,
2944,2277,2,1851,1861,
2947,2280,2,1838,1851,
2949,2282,2,1839,1840,
2952,2285,2,1838,1855,
2953,2286,2,1864,1867,
2955,2288,2,1838,1859,
2956,2289,2,1851,1867,
2957,2290,2,1851,1857,
2958,2291,2,1857,1866,
2959,2292,2,1866,1867,
2960,2293,2,1861,1861,
2961,2294,2,1856,1857,
2962,2295,2,1866,1866,
2963,2296,2,1860,1860,
2965,2298,2,1861,1862,
2966,2299,2,1860,1867,
2967,2300,2,1866,1867,
2968,2301,2,1866,1866,
2969,2302,2,1860,1860,
2970,2303,2,1839,1867,
2971,2304,2,1860,1867,
2972,2305,2,1862,1867,
2973,2306,2,1866,1867,
2974,2307,2,1860,1861,
2976,2309,2,1838,1867,
2977,2310,2,1855,1859,
2978,2311,2,1860,1860,
2979,2312,2,1839,1840,
2980,2313,2,1853,1854,
2981,2314,2,1860,1860,
2982,2315,2,1851,1867,
2983,2316,2,1838,1838,
2984,2317,2,1866,1867,
2985,2318,2,1855,1863,
2988,2321,2,1861,1861,
2989,2322,2,1867,1867,
2991,2324,2,1860,1867,
2992,2325,2,1866,1867,
2993,2326,2,1860,1867,
2994,2327,2,1862,1862,
2996,2329,2,1864,1865,
2997,2330,2,1840,1840,
2998,2331,2,1860,1862,
2999,2332,2,1860,1865,
3000,2333,2,1839,1861,
3001,2334,2,1851,1866,
3002,2335,2,1852,1852,
3003,2336,2,1840,1840,
3004,2337,2,1855,1855,
3005,2338,2,1854,1865,
3006,2339,2,1854,1855,
3007,2340,2,1854,1857,
3008,2341,2,1862,1867,
3009,2342,2,1862,1867,
3011,2344,2,1838,1867,
3012,2345,2,1854,1861,
3013,2346,2,1861,1861,
3014,2347,2,1855,1855,
3015,2348,2,1860,1864,
3016,2349,2,1860,1865,
3018,2351,2,1840,1861,
3019,2352,2,1860,1861,
3020,2353,2,1862,1862,
3021,2354,2,1861,1862,
3022,2355,2,1863,1863,
3023,2356,2,1860,1863,
3024,2357,2,1860,1862,
3025,2358,2,1860,1862,
3026,2359,2,1861,1867,
3027,2360,2,1860,1861,
3028,2361,2,1851,1858,
3029,2362,2,1860,1863,
3030,2363,2,1860,1862,
3031,2364,2,1861,1862,
3032,2365,2,1864,1867,
3033,2366,2,1852,1865,
3034,2367,2,1861,1867,
3035,2368,2,1861,1867,
3036,2369,2,1840,1862,
3037,2370,2,1852,1867,
3038,2371,2,1838,1865,
3039,2372,2,1859,1867,
3040,2373,2,1860,1860,
3041,2374,2,1860,1860,
3042,2375,2,1862,1867,
3043,2376,2,1863,1867,
3044,2377,2,1861,1861,
3045,2378,2,1853,1864,
3047,2380,2,1838,1840,
3048,2381,2,1860,1862,
3049,2382,2,1839,1860,
3050,2383,2,1860,1867,
3051,2384,2,1851,1857,
3052,2385,2,1860,1867,
3053,2386,2,1851,1865,
3054,2387,2,1867,1867,
3055,2388,2,1838,1861,
3056,2389,2,1862,1862,
3057,2390,2,1860,1861,
3058,2391,2,1855,1867,
3059,2392,2,1860,1860,
3060,2393,2,1861,1866,
3061,2394,2,1851,1852,
3062,2395,2,1852,1867,
3063,2396,2,1851,1851,
3064,2397,2,1852,1862,
3065,2398,2,1860,1862,
3066,2399,2,1860,1867,
3067,2400,2,1838,1840,
3068,2401,2,1860,1866,
3069,2402,2,1839,1839,
3070,2403,2,1851,1865,
3071,2404,2,1847,1849,
3073,2406,2,1860,1860,
3074,2407,2,1860,1860,
3075,2408,2,1862,1867,
3076,2409,2,1864,1866,
3077,2410,2,1862,1865,
3078,2411,2,1865,1865,
3079,2412,2,1852,1867,
3080,2413,2,1851,1867,
3081,2414,2,1861,1862,
3082,2415,2,1860,1867,
3083,2416,2,1860,1861,
3084,2417,2,1862,1866,
3085,2418,2,1839,1840,
3086,2419,2,1853,1859,
3087,2420,2,1839,1851,
3088,2421,2,1861,1861,
3090,2423,2,1851,1855,
3091,2424,2,1862,1866,
3092,2425,2,1839,1851,
3093,2426,2,1839,1840,
3094,2427,2,1866,1866,
3095,2428,2,1852,1862,
3096,2429,2,1839,1862,
3097,2430,2,1839,1865,
3098,2431,2,1839,1867,
3099,2432,2,1839,1840,
3100,2433,2,1839,1861,
3101,2434,2,1860,1867,
3102,2435,2,1860,1861,
3104,2437,2,1862,1862,
3105,2438,2,1838,1838,
3106,2439,2,1839,1851,
3107,2440,2,1860,1860,
3108,2441,2,1861,1866,
3109,2442,2,1866,1866,
3110,2443,2,1851,1855,
3111,2444,2,1839,1839,
3112,2445,2,1851,1853,
3113,2446,2,1838,1855,
3114,2447,2,1861,1861,
3115,2448,2,1855,1855,
3116,2449,2,1861,1861,
3117,2450,2,1861,1862,
3118,2451,2,1861,1864,
3119,2452,2,1865,1866,
3120,2453,2,1839,1861,
3121,2454,2,1859,1866,
3124,2457,2,1860,1867,
3125,2458,2,1862,1862,
3126,2459,2,1862,1865,
3127,2460,2,1857,1867,
3128,2461,2,1865,1867,
3129,2462,2,1861,1861,
3130,2463,2,1862,1866,
3131,2464,2,1861,1867,
3132,2465,2,1854,1867,
3133,2466,2,1839,1840,
3134,2467,2,1861,1861,
3135,2468,2,1851,1867,
3136,2469,2,1851,1865,
3137,2470,2,1839,1840,
3138,2471,2,1838,1866,
3139,2472,2,1866,1866,
3140,2473,2,1851,1852,
3141,2474,2,1851,1867,
3142,2475,2,1861,1865,
3143,2476,2,1861,1861,
3145,2478,2,1861,1861,
3146,2479,2,1860,1860,
3147,2480,2,1860,1867,
3148,2481,2,1861,1862,
3149,2482,2,1862,1862,
3150,2483,2,1860,1862,
3151,2484,2,1857,1857,
3152,2485,2,1860,1867,
3153,2486,2,1851,1854,
3155,2488,2,1860,1860,
3156,2489,2,1862,1867,
3157,2490,2,1851,1867,
3158,2491,2,1860,1867,
3159,2492,2,1851,1867,
3160,2493,2,1839,1840,
3161,2494,2,1861,1867,
3162,2495,2,1852,1852,
3163,2496,2,1861,1862,
3164,2497,2,1861,1864,
3165,2498,2,1861,1861,
3166,2499,2,1839,1839,
3167,2500,2,1861,1861,
3168,2501,2,1838,1838,
3169,2502,2,1860,1860,
3170,2503,2,1867,1867,
3171,2504,2,1861,1867,
3172,2505,2,1838,1840,
3173,2506,2,1839,1839,
3174,2507,2,1839,1861,
3175,2508,2,1839,1840,
3176,2509,2,1865,1865,
3177,2510,2,1862,1867,
3178,2511,1,1842,1847,
3179,2512,1,1842,1847,
3180,2513,1,1842,1847,
3181,2514,1,1840,1847,
3182,2515,2,1852,1858,
3183,2515,1,1840,1847,
3184,2516,1,1840,1847,
3185,2517,1,1837,1847,
3186,2518,1,1837,1839,
3187,2519,1,1837,1839,
3188,2520,1,1837,1839,
3189,2521,2,1852,1853,
3190,2521,1,1837,1847,
3191,2522,2,1860,1860,
3192,2522,1,1837,1847,
3193,2523,2,1838,1840,
3194,2523,1,1837,1839,
3195,2524,2,1839,1840,
3196,2524,1,1837,1839,
3197,2525,1,1837,1839,
3198,2526,2,1838,1867,
3199,2526,1,1837,1847,
3200,2527,2,1860,1867,
3201,2527,1,1837,1847,
3202,2528,2,1838,1840,
3203,2528,1,1837,1847,
3204,2529,1,1837,1847,
3205,2530,1,1837,1839,
3207,2532,1,1837,1847,
3210,2534,1,1837,1839,
3211,2535,2,1838,1840,
3212,2535,1,1837,1839,
3213,2536,2,1860,1866,
3214,2536,1,1837,1839,
3216,2538,2,1851,1852,
3217,2538,1,1837,1847,
3219,2540,2,1838,1840,
3220,2540,1,1837,1847,
3221,2541,2,1840,1867,
3222,2541,1,1837,1839,
3223,2542,1,1837,1847,
3224,2543,1,1837,1847,
3225,2544,2,1860,1867,
3226,2545,2,1851,1867,
3227,2546,2,1860,1866,
3228,2547,2,1839,1860,
3229,2548,2,1856,1867,
3230,2549,2,1864,1867,
3231,2550,2,1861,1865,
3232,2551,2,1861,1864,
3233,2552,2,1839,1860,
3234,2553,2,1860,1867,
3235,2554,2,1861,1867,
3236,2555,2,1851,1855,
3238,2557,2,1863,1867,
3239,2558,2,1852,1852,
3240,2559,2,1861,1867,
3241,2560,2,1861,1867,
3242,2561,2,1862,1862,
3243,2562,2,1840,1866,
3244,2563,2,1851,1866,
3246,2565,2,1852,1852,
3248,2567,2,1860,1861,
3249,2568,2,1853,1860,
3250,2569,2,1860,1864,
3252,2571,2,1861,1862,
3253,2572,2,1851,1867,
3254,2573,2,1838,1838,
3255,2574,2,1839,1860,
3256,2575,2,1860,1866,
3257,2576,2,1860,1867,
3258,2577,2,1861,1866,
3259,2578,2,1860,1867,
3260,2579,2,1860,1867,
3261,2580,2,1851,1854,
3262,2581,2,1866,1867,
3263,2582,2,1851,1860,
3264,2583,2,1861,1862,
3265,2584,2,1865,1867,
3266,2585,2,1861,1865,
3267,2586,2,1862,1862,
3268,2587,2,1838,1862,
3269,2588,2,1860,1862,
3270,2589,2,1861,1866,
3271,2590,2,1861,1861,
3272,2591,2,1860,1861,
3273,2592,2,1861,1861,
3274,2593,2,1866,1867,
3275,2594,2,1862,1862,
3276,2595,2,1840,1840,
3277,2596,2,1860,1867,
3278,2597,2,1860,1867,
3279,2598,2,1860,1867,
3280,2599,2,1861,1867,
3281,2600,2,1860,1860,
3282,2601,2,1861,1866,
3283,2602,2,1860,1861,
3284,2603,2,1852,1852,
3285,2604,2,1861,1867,
3286,2605,2,1847,1867,
3287,2606,2,1861,1861,
3288,2607,2,1838,1855,
3289,2608,2,1838,1867,
3291,2610,2,1839,1867,
3292,2611,2,1865,1865,
3293,2612,2,1863,1867,
3294,2613,2,1838,1838,
3295,2614,2,1839,1840,
3296,2615,2,1860,1867,
3297,2616,2,1838,1855,
3298,2617,2,1839,1840,
3299,2618,2,1861,1867,
3300,2619,2,1839,1839,
3301,2620,2,1856,1867,
3302,2621,2,1840,1866,
3303,2622,2,1861,1861,
3304,2623,2,1860,1866,
3305,2624,2,1860,1866,
3306,2625,2,1861,1866,
3307,2626,2,1866,1866,
3308,2627,2,1862,1862,
3309,2628,2,1839,1852,
3310,2629,2,1838,1840,
3311,2630,2,1861,1867,
3312,2631,2,1866,1867,
3313,2632,2,1866,1867,
3314,2633,2,1861,1867,
3315,2634,2,1861,1864,
3316,2635,2,1861,1866,
3317,2636,2,1860,1860,
3318,2637,2,1857,1860,
3319,2638,2,1851,1855,
3320,2639,2,1865,1867,
3321,2640,2,1860,1863,
3322,2641,2,1861,1867,
3323,2642,2,1861,1867,
3324,2643,2,1851,1855,
3325,2644,2,1851,1851,
3326,2645,2,1851,1855,
3327,2646,2,1851,1853,
3328,2647,2,1867,1867,
3329,2648,2,1866,1866,
3330,2649,2,1866,1866,
3331,2650,2,1839,1858,
3332,2651,2,1866,1867,
3333,2652,2,1852,1860,
3334,2653,2,1851,1851,
3335,2654,2,1859,1865,
3337,2656,2,1851,1867,
3338,2657,2,1838,1851,
3339,2658,2,1867,1867,
3340,2659,2,1838,1867,
3341,2660,2,1862,1867,
3342,2661,2,1858,1858,
3343,2662,2,1851,1857,
3344,2663,2,1839,1840,
3345,2664,2,1861,1867,
3346,2665,2,1865,1865,
3348,2667,2,1866,1866,
3349,2668,2,1861,1861,
3350,2669,2,1860,1867,
3351,2670,2,1860,1867,
3353,2672,2,1839,1867,
3354,2673,2,1862,1867,
3356,2675,2,1851,1857,
3357,2676,2,1851,1855,
3358,2677,2,1855,1866,
3360,2679,2,1839,1855,
3361,2680,2,1838,1867,
3364,2683,2,1851,1867,
3365,2684,2,1839,1851,
3366,2685,2,1838,1867,
3367,2686,2,1866,1867,
3368,2687,2,1851,1867,
3369,2688,2,1861,1866,
3370,2689,2,1838,1855,
3371,2690,2,1838,1851,
3372,2691,2,1838,1855,
3373,2692,2,1860,1867,
3374,2693,2,1860,1867,
3375,2694,2,1862,1867,
3376,2695,2,1839,1851,
3377,2696,2,1861,1867,
3378,2697,2,1867,1867,
3379,2698,2,1862,1867,
3380,2699,2,1851,1867,
3381,2700,2,1860,1861,
3382,2701,2,1864,1867,
3383,2702,2,1840,1840,
3385,2704,2,1857,1857,
3386,2705,2,1860,1867,
3387,2706,2,1860,1867,
3388,2707,2,1860,1866,
3389,2708,2,1860,1861,
3390,2709,2,1860,1866,
3391,2710,2,1851,1852,
3392,2711,2,1839,1851,
3393,2712,2,1866,1866,
3394,2713,2,1861,1861,
3395,2714,2,1864,1866,
3396,2715,2,1860,1867,
3397,2716,2,1839,1840,
3398,2717,2,1861,1863,
3399,2718,2,1860,1867,
3400,2719,2,1861,1861,
3401,2720,2,1852,1867,
3402,2721,2,1838,1866,
3403,2722,2,1861,1862,
3405,2724,2,1860,1867,
3407,2726,2,1862,1865,
3408,2727,2,1860,1861,
3409,2728,2,1860,1860,
3410,2729,2,1851,1867,
3411,2730,2,1838,1840,
3413,2732,2,1866,1867,
3414,2733,2,1838,1867,
3415,2734,2,1851,1864,
3416,2735,2,1839,1840,
3417,2736,2,1840,1854,
3418,2737,2,1851,1855,
3419,2738,2,1851,1867,
3420,2739,2,1839,1860,
3421,2740,2,1860,1865,
3422,2741,2,1853,1867,
3423,2742,2,1860,1860,
3424,2743,2,1860,1867,
3425,2744,2,1857,1867,
3426,2745,2,1860,1867,
3427,2746,2,1839,1840,
3428,2747,2,1839,1862,
3429,2748,2,1860,1865,
3430,2749,2,1847,1867,
3431,2750,2,1860,1867,
3432,2751,2,1839,1867,
3433,2752,2,1847,1867,
3434,2753,2,1867,1867,
3435,2754,2,1860,1867,
3436,2755,2,1860,1867,
3438,2757,2,1861,1867,
3439,2758,2,1860,1866,
3440,2759,2,1861,1862,
3441,2760,2,1860,1867,
3442,2761,2,1860,1867,
3443,2762,2,1861,1866,
3444,2763,2,1838,1867,
3445,2764,2,1865,1866,
3446,2765,2,1851,1867,
3447,2766,2,1851,1867,
3448,2767,2,1852,1867,
3449,2768,2,1838,1866,
3450,2769,2,1866,1866,
3451,2770,2,1851,1851,
3452,2771,2,1861,1867,
3453,2772,2,1851,1867,
3454,2773,2,1866,1867,
3455,2774,2,1866,1867,
3456,2775,2,1860,1867,
3457,2776,2,1839,1851,
3458,2777,2,1838,1855,
3459,2778,2,1860,1867,
3460,2779,2,1860,1865,
3461,2780,2,1852,1852,
3462,2781,2,1862,1862,
3463,2782,2,1862,1862,
3464,2783,2,1861,1861,
3465,2784,2,1851,1854,
3466,2785,2,1838,1855,
3467,2786,2,1860,1860,
3468,2787,2,1839,1851,
3469,2788,2,1839,1851,
3470,2789,2,1851,1851,
3471,2790,2,1840,1840,
3472,2791,2,1838,1863,
3473,2792,2,1860,1865,
3474,2793,2,1862,1867,
3475,2794,2,1861,1867,
3476,2795,2,1860,1860,
3477,2796,2,1866,1867,
3478,2797,2,1855,1867,
3479,2798,2,1860,1860,
3480,2799,2,1851,1856,
3481,2800,2,1863,1867,
3482,2801,2,1862,1866,
3483,2802,2,1860,1860,
3484,2803,2,1861,1866,
3485,2804,2,1861,1861,
3486,2805,2,1862,1866,
3487,2806,2,1851,1859,
3488,2807,2,1865,1865,
3489,2808,2,1861,1867,
3490,2809,2,1860,1866,
3491,2810,2,1860,1860,
3492,2811,2,1851,1851,
3493,2812,2,1851,1856,
3494,2813,2,1838,1867,
3495,2814,2,1852,1866,
3496,2815,2,1861,1867,
3497,2816,2,1851,1865,
3498,2817,2,1861,1861,
3499,2818,2,1861,1867,
3500,2819,2,1865,1866,
3501,2820,2,1838,1838,
3502,2821,2,1864,1867,
3504,2823,2,1861,1866,
3505,2824,2,1860,1860,
3506,2825,2,1860,1866,
3507,2826,2,1851,1867,
3508,2827,2,1860,1861,
3509,2828,2,1860,1865,
3510,2829,2,1860,1862,
3511,2830,2,1860,1862,
3512,2831,2,1867,1867,
3513,2832,2,1865,1867,
3514,2833,2,1851,1855,
3515,2834,2,1838,1866,
3516,2835,2,1860,1867,
3517,2836,2,1862,1867,
3518,2837,2,1860,1865,
3519,2838,2,1860,1862,
3520,2839,2,1851,1854,
3521,2840,2,1851,1867,
3522,2841,2,1839,1840,
3523,2842,2,1862,1867,
3524,2843,2,1860,1860,
3525,2844,2,1839,1839,
3526,2845,2,1860,1867,
3527,2846,2,1859,1867,
3528,2847,2,1840,1840,
3530,2849,2,1840,1854,
3531,2850,2,1839,1866,
3534,2853,2,1861,1862,
3535,2854,2,1862,1862,
3537,2856,2,1840,1860,
3538,2857,2,1861,1867,
3539,2858,2,1860,1860,
3540,2859,2,1838,1854,
3541,2860,2,1852,1867,
3542,2861,2,1864,1864,
3543,2862,2,1838,1838,
3544,2863,2,1860,1860,
3545,2864,2,1861,1866,
3546,2865,2,1851,1851,
3547,2866,2,1862,1862,
3548,2867,2,1865,1867,
3549,2868,2,1860,1867,
3550,2869,2,1851,1856,
3551,2870,2,1851,1867,
3552,2871,2,1852,1854,
3553,2872,2,1862,1867,
3554,2873,2,1861,1867,
3555,2874,2,1854,1867,
3556,2875,2,1860,1867,
3557,2876,2,1860,1860,
3558,2877,2,1861,1862,
3559,2878,2,1861,1861,
3560,2879,2,1838,1838,
3561,2880,2,1861,1861,
3562,2881,2,1839,1851,
3563,2882,2,1839,1839,
3564,2883,2,1839,1840,
3565,2884,2,1859,1862,
3566,2885,2,1839,1839,
3567,2886,2,1838,1839,
3568,2887,2,1838,1839,
3569,2888,2,1861,1861,
3570,2889,2,1865,1865,
3571,2890,2,1864,1864,
3572,2891,2,1851,1856,
3573,2892,2,1862,1866,
3574,2893,2,1860,1867,
3575,2894,2,1838,1838,
3576,2895,2,1861,1861,
3577,2896,2,1838,1857,
3578,2897,2,1861,1867,
3579,2898,2,1855,1863,
3580,2899,2,1860,1867,
3581,2900,2,1861,1861,
3582,2901,2,1849,1854,
3583,2902,2,1862,1862,
3584,2903,2,1838,1840,
3585,2904,2,1852,1855,
3586,2905,2,1860,1860,
3587,2906,2,1839,1851,
3588,2907,2,1838,1839,
3589,2908,2,1851,1866,
3590,2909,2,1860,1867,
3591,2910,2,1838,1839,
3592,2911,2,1855,1864,
3593,2912,2,1856,1856,
3594,2913,2,1855,1862,
3595,2914,2,1857,1857,
3596,2915,2,1854,1857,
3597,2916,2,1838,1840,
3598,2917,2,1838,1866,
3599,2918,2,1838,1838,
3600,2919,2,1863,1867,
3601,2920,2,1864,1864,
3602,2921,2,1839,1851,
3603,2922,2,1863,1863,
3604,2923,2,1839,1851,
3605,2924,2,1839,1840,
3606,2925,2,1838,1840,
3607,2926,2,1853,1855,
3608,2927,2,1861,1861,
3609,2928,2,1853,1853,
3610,2929,2,1847,1849,
3611,2930,2,1855,1855,
3612,2931,2,1851,1855,
3613,2932,2,1864,1864,
3614,2933,2,1859,1867,
3615,2934,2,1861,1861,
3616,2935,2,1861,1861,
3617,2936,2,1856,1856,
3618,2937,2,1860,1860,
3619,2938,2,1838,1839,
3620,2939,2,1840,1840,
3621,2940,2,1861,1861,
3622,2941,2,1839,1839,
3623,2942,2,1839,1851,
3624,2943,2,1855,1855,
3625,2944,2,1861,1861,
3626,2945,2,1863,1863,
3627,2946,2,1862,1862,
3628,2947,2,1860,1860,
3629,2948,2,1860,1860,
3630,2949,2,1847,1847,
3631,2950,2,1860,1860,
3632,2951,2,1860,1860,
3633,2952,2,1862,1862,
3634,2953,2,1860,1860,
3635,2954,2,1839,1855,
3636,2955,2,1839,1851,
3637,2956,2,1862,1862,
3638,2957,2,1839,1840,
3639,2958,2,1862,1862,
3640,2959,2,1838,1840,
3641,2960,2,1861,1861,
3642,2961,2,1839,1840,
3643,2962,2,1840,1840,
3644,2963,2,1861,1862,
3645,2964,2,1839,1862,
3646,2965,2,1839,1840,
3647,2966,2,1838,1838,
3648,2967,2,1839,1851,
3649,2968,2,1861,1861,
3650,2969,2,1860,1860,
3651,2970,2,1860,1862,
3652,2971,2,1839,1851,
3653,2972,2,1849,1867,
3654,2973,2,1839,1840,
3655,2974,2,1839,1840,
3656,2975,2,1840,1840,
3657,2976,2,1839,1840,
3658,2977,2,1838,1839,
3659,2978,2,1865,1867,
3660,2979,2,1865,1867,
3661,2980,2,1860,1866,
3662,2981,2,1860,1862,
3663,2982,2,1860,1860,
3664,2983,2,1860,1863,
3665,2984,2,1840,1840,
3666,2985,2,1867,1867,
3667,2986,2,1839,1840,
3668,2987,2,1839,1840,
3669,2988,2,1863,1866,
3670,2989,2,1853,1854,
3671,2990,2,1851,1852,
3672,2991,2,1851,1852,
3673,2992,2,1852,1852,
3674,2993,2,1866,1866,
3675,2994,2,1862,1862,
3676,2995,2,1861,1867,
3677,2996,2,1861,1862,
3678,2997,2,1852,1861,
3679,2998,2,1839,1840,
3680,2999,2,1860,1860,
3681,3000,2,1861,1864,
3682,3001,2,1859,1867,
3683,3002,2,1839,1840,
3684,3003,2,1865,1865,
3685,3004,2,1867,1867,
3686,3005,2,1860,1860,
3687,3006,2,1865,1865,
3688,3007,2,1860,1862,
3689,3008,2,1839,1851,
3690,3009,2,1860,1860,
3691,3010,2,1864,1867,
3692,3011,2,1839,1851,
3693,3012,2,1839,1840,
3694,3013,2,1861,1862,
3695,3014,2,1860,1860,
3696,3015,2,1838,1851,
3697,3016,2,1839,1840,
3698,3017,2,1862,1862,
3699,3018,2,1860,1860,
3700,3019,2,1861,1863,
3701,3020,2,1861,1861,
3702,3021,2,1863,1863,
3703,3022,2,1862,1863,
3704,3023,2,1838,1855,
3705,3024,2,1860,1860,
3706,3025,2,1839,1840,
3707,3026,2,1839,1840,
3708,3027,2,1839,1840,
3709,3028,2,1838,1838,
3710,3029,2,1860,1860,
3711,3030,2,1839,1840,
3712,3031,2,1852,1852,
3713,3032,2,1839,1851,
3714,3033,2,1851,1867,
3715,3034,2,1850,1867,
3716,3035,2,1860,1860,
3717,3036,2,1860,1867,
3718,3037,2,1839,1851,
3719,3038,2,1839,1855,
3720,3039,2,1860,1860,
3721,3040,2,1839,1851,
3722,3041,2,1840,1852,
3723,3042,2,1861,1861,
3724,3043,2,1867,1867,
3725,3044,2,1862,1862,
3726,3045,2,1839,1851,
3727,3046,2,1847,1849,
3728,3047,2,1860,1866,
3729,3048,2,1858,1858,
3730,3049,2,1866,1866,
3731,3050,2,1862,1862,
3732,3051,2,1847,1849,
3733,3052,2,1851,1851,
3734,3053,2,1863,1863,
3735,3054,2,1847,1849,
3736,3055,2,1838,1851,
3737,3056,2,1847,1851,
3738,3057,2,1838,1840,
3739,3058,2,1847,1849,
3740,3059,2,1860,1867,
3741,3060,2,1851,1851,
3742,3061,2,1838,1851,
3743,3062,2,1862,1867,
3744,3063,2,1862,1862,
3745,3064,2,1862,1862,
3746,3065,2,1862,1862,
3747,3066,2,1860,1864,
3748,3067,2,1865,1867,
3749,3068,2,1863,1864,
3750,3069,2,1861,1861,
3751,3070,2,1839,1851,
3752,3071,2,1863,1865,
3753,3072,2,1862,1862,
3754,3073,2,1851,1855,
3755,3074,2,1865,1865,
3756,3075,2,1861,1867,
3757,3076,2,1862,1867,
3758,3077,2,1839,1851,
3759,3078,2,1839,1851,
3760,3079,2,1839,1839,
3761,3080,2,1849,1849,
3762,3081,2,1839,1839,
3763,3082,2,1839,1851,
3764,3083,2,1852,1853,
3765,3084,2,1839,1851,
3766,3085,2,1860,1862,
3767,3086,2,1865,1865,
3768,3087,2,1851,1863,
3769,3088,2,1860,1860,
3770,3089,2,1866,1867,
3771,3090,2,1860,1866,
3772,3091,2,1839,1840,
3773,3092,2,1838,1855,
3774,3093,2,1865,1866,
3775,3094,2,1866,1867,
3776,3095,2,1861,1861,
3777,3096,2,1852,1855,
3778,3097,2,1840,1840,
3779,3098,2,1863,1863,
3780,3099,2,1851,1855,
3781,3100,2,1863,1867,
3782,3101,2,1840,1862,
3783,3102,2,1860,1862,
3784,3103,2,1840,1867,
3785,3104,2,1861,1866,
3786,3105,2,1860,1860,
3787,3106,2,1839,1839,
3788,3107,2,1840,1840,
3789,3108,2,1839,1840,
3790,3109,2,1860,1860,
3791,3110,2,1862,1862,
3792,3111,2,1838,1840,
3793,3112,2,1839,1851,
3794,3113,2,1862,1862,
3795,3114,2,1838,1858,
3796,3115,2,1860,1860,
3797,3116,2,1861,1861,
3798,3117,2,1839,1840,
3799,3118,2,1861,1861,
3800,3119,2,1857,1857,
3801,3120,2,1861,1861,
3802,3121,2,1867,1867,
3803,3122,2,1839,1840,
3804,3123,2,1839,1851,
3805,3124,2,1862,1862,
3806,3125,2,1838,1855,
3807,3126,2,1856,1856,
3808,3127,2,1851,1852,
3809,3128,2,1840,1840,
3810,3129,2,1839,1851,
3811,3130,2,1851,1861,
3812,3131,2,1860,1860,
3813,3132,2,1851,1867,
3814,3133,2,1862,1867,
3815,3134,2,1860,1864,
3816,3135,2,1860,1861,
3817,3136,2,1839,1851,
3818,3137,2,1860,1860,
3819,3138,2,1853,1855,
3820,3139,2,1862,1862,
3821,3140,2,1839,1840,
3822,3141,2,1865,1865,
3823,3142,2,1839,1840,
3824,3143,2,1839,1851,
3825,3144,2,1855,1857,
3826,3145,2,1839,1840,
3827,3146,2,1839,1851,
3828,3147,2,1862,1866,
3829,3148,2,1861,1867,
3830,3149,2,1839,1851,
3831,3150,2,1839,1851,
3832,3151,2,1840,1861,
3833,3152,2,1851,1866,
3835,3154,2,1860,1860,
3836,3155,2,1866,1867,
3837,3156,2,1861,1861,
3838,3157,2,1862,1862,
3839,3158,2,1849,1849,
3840,3159,2,1865,1867,
3841,3160,2,1867,1867,
3842,3161,2,1865,1867,
3843,3162,2,1856,1867,
3844,3163,2,1839,1840,
3845,3164,2,1839,1851,
3846,3165,2,1839,1840,
3847,3166,2,1864,1865,
3848,3167,2,1861,1862,
3849,3168,2,1839,1851,
3850,3169,2,1839,1840,
3851,3170,2,1851,1853,
3852,3171,2,1838,1839,
3853,3172,2,1838,1840,
3854,3173,2,1838,1838,
3855,3174,2,1839,1840,
3856,3175,2,1851,1864,
3857,3176,2,1856,1856,
3858,3177,2,1863,1863,
3859,3178,2,1839,1851,
3860,3179,2,1851,1851,
3861,3180,2,1847,1849,
3862,3181,2,1839,1840,
3863,3182,2,1839,1840,
3864,3183,2,1849,1851,
3865,3184,2,1847,1847,
3866,3185,2,1862,1862,
3867,3186,2,1839,1840,
3868,3187,2,1839,1840,
3869,3188,2,1861,1867,
3870,3189,2,1853,1854,
3871,3190,2,1840,1840,
3872,3191,2,1839,1854,
3873,3192,2,1853,1854,
3874,3193,2,1852,1854,
3875,3194,2,1861,1866,
3876,3195,2,1864,1867,
3877,3196,2,1861,1866,
3878,3197,2,1861,1861,
3879,3198,2,1861,1861,
3880,3199,2,1839,1851,
3881,3200,2,1862,1867,
3882,3201,2,1839,1840,
3883,3202,2,1839,1840,
3884,3203,2,1840,1840,
3885,3204,2,1855,1855,
3886,3205,2,1839,1851,
3887,3206,2,1839,1851,
3888,3207,2,1839,1840,
3889,3208,2,1847,1851,
3890,3209,2,1838,1840,
3891,3210,2,1839,1840,
3892,3211,2,1861,1861,
3893,3212,2,1839,1840,
3894,3213,2,1839,1840,
3895,3214,2,1839,1840,
3896,3215,2,1838,1860,
3897,3216,2,1861,1861,
3898,3217,2,1847,1851,
3899,3218,2,1860,1860,
3900,3219,2,1840,1840,
3901,3220,2,1865,1866,
3902,3221,2,1838,1840,
3903,3222,2,1860,1862,
3904,3223,2,1839,1862,
3905,3224,2,1838,1840,
3906,3225,2,1839,1851,
3907,3226,2,1839,1862,
3908,3227,2,1839,1840,
3909,3228,2,1851,1851,
3910,3229,2,1862,1862,
3911,3230,2,1839,1851,
3912,3231,2,1861,1867,
3913,3232,2,1865,1867,
3914,3233,2,1860,1860,
3915,3234,2,1838,1838,
3916,3235,2,1855,1860,
3917,3236,2,1839,1840,
3918,3237,2,1839,1867,
3919,3238,2,1860,1860,
3920,3239,2,1838,1851,
3921,3240,2,1840,1840,
3922,3241,2,1862,1862,
3923,3242,2,1839,1851,
3924,3243,2,1860,1861,
3925,3244,2,1839,1851,
3926,3245,2,1862,1862,
3927,3246,2,1860,1860,
3928,3247,2,1860,1860,
3929,3248,2,1851,1866,
3930,3249,2,1862,1862,
3931,3250,2,1860,1860,
3932,3251,2,1862,1862,
3933,3252,2,1854,1867,
3934,3253,2,1864,1867,
3935,3254,2,1861,1862,
3936,3255,2,1861,1861,
3937,3256,2,1860,1862,
3938,3257,2,1839,1851,
3939,3258,2,1861,1861,
3940,3259,2,1861,1867,
3941,3260,2,1861,1861,
3942,3261,2,1849,1849,
3943,3262,2,1854,1858,
3944,3263,2,1861,1862,
3945,3264,2,1861,1861,
3946,3265,2,1860,1867,
3947,3266,2,1851,1859,
3948,3267,2,1860,1860,
3949,3268,2,1863,1863,
3950,3269,2,1860,1860,
3951,3270,2,1839,1840,
3952,3271,2,1851,1855,
3953,3272,2,1839,1851,
3954,3273,2,1860,1860,
3955,3274,2,1839,1840,
3956,3275,2,1852,1852,
3957,3276,2,1860,1860,
3958,3277,2,1861,1865,
3959,3278,2,1847,1849,
3960,3279,2,1839,1855,
3961,3280,2,1860,1860,
3962,3281,2,1861,1862,
3963,3282,2,1839,1840,
3964,3283,2,1839,1851,
3965,3284,2,1860,1860,
3966,3285,2,1838,1838,
3967,3286,2,1866,1866,
3968,3287,2,1839,1851,
3969,3288,2,1839,1840,
3970,3289,2,1861,1862,
3971,3290,2,1839,1851,
3972,3291,2,1839,1851,
3973,3292,2,1862,1862,
3974,3293,2,1860,1860,
3975,3294,2,1839,1851,
3976,3295,2,1861,1867,
3977,3296,2,1861,1861,
3978,3297,2,1860,1862,
3979,3298,2,1856,1859,
3980,3299,2,1861,1861,
3981,3300,2,1861,1861,
3982,3301,2,1867,1867,
3983,3302,2,1839,1840,
3984,3303,2,1864,1864,
3985,3304,2,1838,1851,
3986,3305,2,1838,1867,
3987,3306,2,1838,1862,
3988,3307,2,1838,1853,
3989,3308,2,1838,1840,
3990,3309,2,1839,1840,
3991,3310,2,1865,1866,
3992,3311,2,1851,1851,
3993,3312,2,1853,1855,
3994,3313,2,1838,1852,
3995,3314,2,1862,1863,
3996,3315,2,1867,1867,
3997,3316,2,1863,1863,
3998,3317,2,1840,1840,
3999,3318,2,1851,1851,
4000,3319,2,1852,1852,
4001,3320,2,1860,1860,
4002,3321,2,1839,1840,
4003,3322,2,1860,1860,
4004,3323,2,1857,1858,
4005,3324,2,1851,1858,
4006,3325,2,1839,1851,
4007,3326,2,1839,1851,
4008,3327,2,1851,1851,
4009,3328,2,1860,1860,
4010,3329,2,1860,1860,
4011,3330,2,1860,1866,
4012,3331,2,1862,1864,
4013,3332,2,1855,1861,
4014,3333,2,1856,1856,
4015,3334,2,1861,1865,
4016,3335,2,1861,1861,
4017,3336,2,1863,1866,
4018,3337,2,1855,1855,
4019,3338,2,1839,1851,
4020,3339,2,1839,1840,
4021,3340,2,1860,1864,
4022,3341,2,1838,1840,
4023,3342,2,1838,1838,
4024,3343,2,1839,1867,
4025,3344,2,1860,1860,
4026,3345,2,1839,1840,
4027,3346,2,1860,1862,
4028,3347,2,1865,1865,
4029,3348,2,1839,1851,
4030,3349,2,1858,1858,
4031,3350,2,1839,1840,
4032,3351,2,1861,1861,
4033,3352,2,1861,1861,
4034,3353,2,1838,1840,
4035,3354,2,1839,1840,
4036,3355,2,1860,1867,
4037,3356,2,1860,1860,
4038,3357,2,1862,1867,
4040,3359,2,1861,1861,
4041,3360,2,1860,1866,
4042,3361,2,1839,1851,
4043,3362,2,1839,1851,
4044,3363,2,1864,1867,
4045,3364,2,1866,1867,
4046,3365,2,1838,1840,
4047,3366,2,1838,1840,
4048,3367,2,1838,1840,
4049,3368,2,1857,1859,
4050,3369,2,1860,1861,
4051,3370,2,1839,1840,
4052,3371,2,1839,1851,
4053,3372,2,1851,1855,
4054,3373,2,1839,1851,
4055,3374,2,1839,1851,
4056,3375,2,1861,1861,
4057,3376,2,1864,1864,
4058,3377,2,1861,1862,
4059,3378,2,1861,1861,
4060,3379,2,1860,1860,
4061,3380,2,1860,1860,
4062,3381,2,1862,1862,
4063,3382,2,1862,1866,
4064,3383,2,1862,1867,
4065,3384,2,1865,1865,
4066,3385,2,1860,1860,
4067,3386,2,1839,1840,
4068,3387,2,1860,1860,
4069,3388,2,1838,1840,
4070,3389,2,1862,1862,
4071,3390,2,1852,1854,
4072,3391,2,1860,1862,
4073,3392,2,1851,1853,
4074,3393,2,1860,1860,
4075,3394,2,1838,1840,
4076,3395,2,1839,1851,
4077,3396,2,1839,1856,
4078,3397,2,1851,1853,
4079,3398,2,1864,1867,
4080,3399,2,1862,1862,
4081,3400,2,1839,1839,
4082,3401,2,1847,1851,
4083,3402,2,1862,1862,
4084,3403,2,1839,1840,
4085,3404,2,1864,1864,
4086,3405,2,1840,1855,
4087,3406,2,1838,1855,
4088,3407,2,1860,1866,
4089,3408,2,1862,1862,
4090,3409,2,1849,1854,
4091,3410,2,1840,1851,
4092,3411,2,1861,1867,
4093,3412,2,1839,1840,
4094,3413,2,1847,1847,
4095,3414,2,1860,1861,
4096,3415,2,1839,1850,
4097,3416,2,1861,1862,
4098,3417,2,1853,1856,
4099,3418,2,1840,1840,
4100,3419,2,1840,1867,
