"id","relationship_type_id","person1_id","person2_id"
1,1,23,2346
2,1,2264,2346
3,1,2265,2547
4,1,2545,2547
5,1,2546,2547
9,1,2547,2610
10,1,2548,2557
11,1,2548,2599
12,1,2548,2866
13,1,2270,2565
14,1,2271,2565
15,1,2271,2301
16,1,2271,2640
17,1,2271,2764
18,1,2271,2770
19,1,2271,2863
20,1,2271,2505
21,1,2271,2875
23,1,2552,2555
24,1,2552,2579
25,1,2552,2771
28,1,2273,2705
29,1,2273,2747
30,1,2273,2748
31,1,2273,2816
32,1,2273,2849
33,1,2273,2850
37,1,2553,2607
39,1,2553,2675
42,1,2553,2679
43,1,2553,2680
47,1,2553,2721
48,1,2553,2722
51,1,2277,2569
52,1,2277,2608
53,1,2277,2771
54,1,2277,2494
57,1,2554,2557
59,1,2554,2607
61,1,2554,2633
62,1,2554,2659
65,1,2554,2675
66,1,2554,2677
69,1,2554,2679
70,1,2554,2680
72,1,2554,2721
73,1,2554,2722
74,1,2554,2765
75,1,2554,2766
76,1,2554,2767
77,1,2554,2771
80,1,2554,2794
83,1,80,2264
84,1,80,2557
85,1,80,249
86,1,80,2592
87,1,80,2300
88,1,80,2340
89,1,80,731
90,1,80,2659
91,1,80,2351
92,1,80,2399
93,1,80,2762
94,1,80,2763
95,1,80,2764
96,1,80,2765
97,1,80,2766
98,1,80,2767
99,1,80,2768
100,1,80,2769
101,1,80,2770
102,1,80,2771
103,1,80,2427
104,1,80,2793
105,1,80,2794
106,1,80,2796
107,1,80,2797
108,1,80,2459
109,1,80,2460
110,1,80,2503
111,1,80,2876
116,1,2555,2557
117,1,2555,2587
119,1,2555,2659
121,1,2555,2762
122,1,2555,2763
123,1,2555,2764
124,1,2555,2765
125,1,2555,2766
126,1,2555,2767
127,1,2555,2768
128,1,2555,2769
129,1,2555,2770
130,1,2555,2771
133,1,2555,2793
134,1,2555,2794
137,1,2555,2874
138,1,81,2554
140,1,81,2555
141,1,81,2558
142,1,81,2563
143,1,81,523
144,1,81,2686
145,1,81,2699
146,1,81,2399
147,1,81,2427
148,1,81,2433
149,1,81,2854
155,1,2557,2587
157,1,2557,2662
159,1,2557,2699
162,1,2557,2874
167,1,2558,2563
168,1,2558,2587
169,1,2558,2633
172,1,2558,2659
174,1,2558,2719
175,1,2558,2720
176,1,2558,2762
177,1,2558,2763
178,1,2558,2764
179,1,2558,2765
180,1,2558,2766
181,1,2558,2767
182,1,2558,2768
183,1,2558,2769
184,1,2558,2770
186,1,2558,2771
188,1,2558,2785
190,1,2558,2793
191,1,2558,2794
193,1,2280,2557
194,1,2559,2781
196,1,2561,2683
198,1,2562,2785
199,1,2518,2579
201,1,2518,2607
203,1,2518,2662
207,1,2518,2680
208,1,2518,2685
209,1,2518,2686
210,1,2518,2687
214,1,2518,2721
215,1,2518,2722
218,1,2563,2587
219,1,2563,2633
222,1,2563,2659
224,1,2563,2686
225,1,2563,2719
226,1,2563,2720
228,1,2563,2763
229,1,2563,2764
230,1,2563,2765
231,1,2563,2766
232,1,2563,2767
233,1,2563,2768
234,1,2563,2769
235,1,2563,2770
236,1,2563,2771
238,1,2563,2785
239,1,2563,2794
241,1,2563,2854
242,1,2563,2874
251,1,2565,2675
253,1,2565,2679
254,1,2565,2680
256,1,2565,2721
257,1,2565,2722
258,1,2285,2580
259,1,2285,2595
261,1,2285,2607
262,1,2285,2309
263,1,2285,2662
264,1,2285,2344
265,1,2285,2346
266,1,2285,2514
268,1,2285,2679
269,1,2285,2680
270,1,2285,2685
271,1,2285,2686
272,1,2285,2687
273,1,2285,2371
274,1,2285,2372
275,1,2285,2380
276,1,2285,2721
277,1,2285,2722
279,1,2574,2765
283,1,2575,2594
284,1,2575,2631
285,1,2575,2632
286,1,2575,2643
287,1,2575,2646
288,1,2575,2656
290,1,2575,2657
292,1,2575,2658
295,1,2575,2677
297,1,2575,2724
298,1,2575,2729
299,1,2575,2732
300,1,2575,2762
301,1,2575,2763
302,1,2575,2764
303,1,2575,2765
304,1,2575,2766
305,1,2575,2768
306,1,2575,2769
307,1,2575,2829
312,1,2578,2683
314,1,2578,2761
315,1,2289,2607
316,1,2289,2309
317,1,2289,2677
318,1,2289,2679
319,1,2289,2680
320,1,2289,2371
321,1,2289,2378
322,1,2290,2607
323,1,2290,2309
324,1,2290,2677
325,1,2290,2679
326,1,2290,2680
327,1,2290,2371
328,1,2290,2372
329,1,2291,2607
330,1,2291,2309
331,1,2291,2677
332,1,2291,2679
333,1,2291,2680
334,1,2291,2371
335,1,2291,2372
336,1,2523,2607
338,1,2523,2677
339,1,2523,2679
340,1,2523,2680
345,1,2579,2580
346,1,2579,2620
349,1,2579,2658
351,1,2579,2659
352,1,2579,2660
353,1,2579,2661
354,1,2579,2662
357,1,2579,2718
359,1,2579,2769
361,1,2579,2846
362,1,2579,2849
367,1,2580,2607
369,1,2580,2662
372,1,2580,2677
374,1,2580,2679
375,1,2580,2680
376,1,2580,2685
377,1,2580,2686
378,1,2580,2687
382,1,2580,2718
383,1,2580,2721
384,1,2580,2722
387,1,2294,2631
388,1,2294,2632
389,1,2294,2724
390,1,2582,2631
391,1,2582,2632
392,1,2582,2724
394,1,2583,2587
396,1,2583,2640
397,1,2583,2664
399,1,2583,2724
401,1,2583,2764
402,1,2583,2766
403,1,2295,2580
404,1,2295,2595
406,1,2295,2607
407,1,2295,2309
408,1,2295,2662
409,1,2295,2344
411,1,2295,2679
412,1,2295,2680
413,1,2295,2685
414,1,2295,2686
415,1,2295,2687
416,1,2295,2371
417,1,2295,2372
418,1,2295,2380
419,1,2295,2721
420,1,2295,2722
421,1,2296,2575
423,1,2296,2607
424,1,2296,2309
425,1,2296,2647
426,1,2296,2344
427,1,2296,2346
428,1,2296,2679
429,1,2296,2680
430,1,2296,2371
431,1,2296,2372
432,1,2296,2380
433,1,2296,2721
434,1,2296,2722
435,1,2296,2771
444,1,2587,2596
445,1,2587,2737
446,1,2587,2738
447,1,2587,2739
448,1,2299,2587
450,1,2591,2794
451,1,2591,2850
453,1,249,2555
455,1,2592,2684
456,1,2592,2796
457,1,2592,2797
459,1,2592,2837
461,1,2300,2709
462,1,2300,2442
464,1,2301,2575
465,1,2301,2583
467,1,2301,2607
468,1,2301,2309
469,1,2301,2526
470,1,2301,2527
471,1,2301,2528
472,1,2301,2529
475,1,2301,2658
476,1,2301,2342
477,1,2301,2351
479,1,2301,2353
480,1,2301,2675
482,1,2301,2721
483,1,2301,2722
484,1,2301,2732
485,1,2301,2762
486,1,2301,2763
487,1,2301,2764
488,1,2301,2765
489,1,2301,2766
490,1,2301,2768
491,1,2301,2769
492,1,2301,2542
493,1,2301,2875
496,1,2593,2607
498,1,2593,2625
505,1,2593,2658
510,1,2593,2675
512,1,2593,2721
513,1,2593,2722
514,1,2593,2732
515,1,2593,2762
516,1,2593,2763
517,1,2593,2764
518,1,2593,2765
519,1,2593,2766
520,1,2593,2768
521,1,2593,2769
523,1,2593,2875
525,1,2302,2575
526,1,2302,2594
527,1,2302,2629
530,1,2302,2658
531,1,2302,2342
532,1,2302,2535
533,1,2302,2724
535,1,2302,2732
536,1,2302,2769
537,1,2302,2542
541,1,2594,2607
543,1,2594,2625
550,1,2594,2658
555,1,2594,2675
557,1,2594,2721
558,1,2594,2722
559,1,2594,2732
560,1,2594,2762
561,1,2594,2763
562,1,2594,2764
563,1,2594,2765
564,1,2594,2766
565,1,2594,2768
566,1,2594,2769
568,1,2594,2875
573,1,2599,2864
574,1,2599,2877
577,1,2303,2600
578,1,2601,2826
583,1,2604,2615
584,1,2604,2673
586,1,2604,2760
588,1,2604,2837
589,1,322,2553
590,1,322,2554
591,1,322,2518
592,1,322,2565
593,1,322,2285
594,1,322,2580
595,1,322,2295
596,1,322,2296
597,1,322,2301
598,1,322,2593
599,1,322,2594
600,1,322,731
601,1,322,2344
602,1,322,2675
603,1,322,2685
604,1,322,2686
605,1,322,2687
606,1,322,2699
607,1,322,2762
608,1,322,2763
609,1,322,2764
610,1,322,2768
611,1,322,2769
629,1,2607,2675
630,1,2607,2685
631,1,2607,2686
632,1,2607,2687
633,1,2607,2699
634,1,2607,2762
635,1,2607,2763
636,1,2607,2764
637,1,2607,2768
638,1,2607,2769
639,1,2309,2553
640,1,2309,2554
641,1,2309,2518
642,1,2309,2565
647,1,2309,2523
648,1,2309,2580
652,1,2309,2593
653,1,2309,2594
654,1,2309,2529
657,1,2309,2658
658,1,2309,2535
660,1,2309,2732
661,1,2309,2769
668,1,2608,2793
670,1,2608,2804
674,1,2610,2660
676,1,2610,2746
677,1,2610,2757
678,1,2610,2772
679,1,2612,2753
680,1,2613,2753
683,1,2615,2648
684,1,2615,2649
686,1,2310,2615
687,1,2310,2375
690,1,2618,2658
691,1,2618,2659
692,1,2618,2661
693,1,2618,2662
695,1,2618,2669
697,1,2618,2769
699,1,2618,2849
703,1,2311,2658
704,1,2311,2659
705,1,2311,2669
706,1,2311,2746
707,1,2311,2757
708,1,2311,2846
709,1,2311,2494
710,1,2311,2495
711,1,403,2687
712,1,403,2765
713,1,2621,2687
714,1,2621,2765
719,1,2622,2760
721,1,2622,2775
722,1,2622,2835
727,1,2623,2760
729,1,2623,2775
730,1,2623,2835
735,1,2624,2760
737,1,2624,2775
738,1,2624,2835
747,1,2625,2760
749,1,2625,2763
750,1,2625,2775
751,1,2625,2829
752,1,2625,2830
753,1,2625,2831
756,1,2625,2833
757,1,2625,2834
758,1,2625,2872
760,1,2314,2544
763,1,2314,2625
764,1,2314,2344
765,1,2314,2665
766,1,2314,2763
767,1,2314,2775
768,1,2314,2830
769,1,2314,2835
770,1,2314,2872
771,1,2315,2816
776,1,2627,2763
777,1,2627,2775
778,1,2627,2829
779,1,2627,2830
780,1,2627,2831
781,1,2627,2832
784,1,2627,2833
785,1,2627,2834
786,1,2627,2872
788,1,2629,2631
789,1,2629,2632
790,1,2629,2646
791,1,2629,2656
793,1,2629,2657
798,1,2629,2677
801,1,2629,2729
803,1,2629,2764
804,1,2629,2766
805,1,2629,2768
807,1,2629,2829
811,1,2630,2724
817,1,2631,2634
826,1,2316,2775
827,1,2316,2872
832,1,2634,2775
833,1,2634,2872
834,1,2317,2664
835,1,2317,2370
836,1,2317,2753
837,1,2317,2766
838,1,2317,2771
840,1,2318,2816
842,1,2639,2705
843,1,2639,2747
844,1,2639,2748
845,1,2639,2816
846,1,2639,2847
847,1,2639,2849
849,1,2639,2850
851,1,2640,2664
852,1,2640,2724
854,1,2640,2764
855,1,2640,2766
856,1,2640,2771
858,1,2640,2875
860,1,2642,2719
861,1,2642,2854
862,1,2321,2340
863,1,2321,2659
864,1,2321,2351
865,1,2321,2762
866,1,2321,2763
867,1,2321,2764
868,1,2321,2765
869,1,2321,2766
870,1,2321,2768
871,1,2321,2769
872,1,2321,2770
873,1,2321,2771
874,1,2321,2427
875,1,2321,2793
876,1,2321,2794
877,1,2321,2459
879,1,523,2264
881,1,523,2557
884,1,2525,2872
890,1,2646,2658
894,1,2646,2677
897,1,2646,2724
899,1,2646,2729
901,1,2646,2732
902,1,2646,2762
903,1,2646,2764
904,1,2646,2765
905,1,2646,2766
906,1,2646,2768
907,1,2646,2769
910,1,2646,2875
913,1,2647,2677
915,1,2647,2679
916,1,2647,2680
919,1,2647,2771
920,1,2324,2401
921,1,2324,2427
922,1,2325,2427
923,1,2325,2797
926,1,2331,2558
927,1,2331,2603
928,1,2331,2631
929,1,2331,2632
930,1,2331,2513
940,1,2653,2672
941,1,2653,2830
942,1,2334,2801
944,1,2335,2544
947,1,2335,2653
948,1,2335,2765
950,1,2336,2672
951,1,2336,2729
952,1,2336,2735
953,1,2336,2792
954,1,2336,2763
955,1,2654,2669
956,1,2338,2765
957,1,2338,2768
958,1,2338,2442
961,1,2340,2554
963,1,2340,2555
964,1,2340,2558
965,1,2340,2563
968,1,2526,2593
969,1,2526,2594
970,1,2526,2646
972,1,2526,2677
975,1,2527,2593
976,1,2527,2594
979,1,2528,2593
980,1,2528,2594
983,1,2528,2677
985,1,2529,2593
986,1,2529,2594
989,1,2529,2658
990,1,2529,2675
992,1,2529,2732
993,1,2529,2769
998,1,2656,2658
1004,1,2656,2677
1007,1,2656,2724
1009,1,2656,2732
1010,1,2656,2762
1011,1,2656,2763
1012,1,2656,2764
1013,1,2656,2765
1014,1,2656,2766
1015,1,2656,2768
1016,1,2656,2769
1018,1,2656,2829
1021,1,730,2575
1022,1,730,2579
1023,1,730,2301
1024,1,730,2593
1025,1,730,2302
1026,1,730,2594
1027,1,730,2309
1028,1,730,2618
1029,1,730,2629
1030,1,730,2646
1031,1,730,2529
1032,1,730,2684
1033,1,730,2763
1034,1,730,2459
1035,1,730,2829
1036,1,730,2471
1037,1,730,2513
1040,1,2657,2658
1043,1,2657,2677
1046,1,2657,2724
1048,1,2657,2732
1049,1,2657,2762
1050,1,2657,2763
1051,1,2657,2764
1052,1,2657,2765
1053,1,2657,2766
1054,1,2657,2768
1055,1,2657,2769
1057,1,2657,2829
1061,1,2657,2875
1063,1,731,2273
1065,1,731,2563
1066,1,731,2575
1067,1,731,2579
1068,1,731,2301
1069,1,731,2593
1070,1,731,2302
1071,1,731,2594
1073,1,731,2607
1074,1,731,2309
1075,1,731,2618
1076,1,731,2629
1077,1,731,2318
1078,1,731,2639
1079,1,731,2646
1080,1,731,2336
1081,1,731,2734
1082,1,731,2763
1083,1,731,2765
1084,1,731,2469
1085,1,731,2829
1086,1,731,2471
1087,1,731,2513
1088,1,731,2865
1089,1,731,2493
1090,1,731,2866
1105,1,2658,2660
1108,1,2658,2669
1109,1,2658,2846
1111,1,732,2579
1112,1,732,2296
1113,1,732,2618
1114,1,732,2526
1115,1,732,2527
1116,1,732,2528
1117,1,732,2656
1118,1,732,2657
1119,1,732,2658
1120,1,732,2660
1121,1,732,2342
1122,1,732,2345
1123,1,732,2669
1124,1,732,2540
1125,1,732,2463
1138,1,2659,2846
1144,1,2660,2661
1145,1,2660,2662
1149,1,2660,2669
1150,1,2660,2769
1151,1,2660,2777
1153,1,2660,2846
1155,1,2341,2661
1156,1,2341,2662
1157,1,2341,2344
1158,1,2341,2346
1159,1,2341,2769
1160,1,2341,2846
1161,1,2341,2849
1162,1,2342,2575
1164,1,2342,2593
1166,1,2342,2594
1167,1,2342,2646
1168,1,2342,2656
1169,1,2342,2658
1171,1,2342,2659
1172,1,2342,2660
1173,1,2342,2661
1174,1,2342,2662
1175,1,2342,2344
1176,1,2342,2346
1177,1,2342,2669
1178,1,2342,2777
1179,1,2342,2846
1180,1,2342,2849
1190,1,2661,2675
1191,1,2661,2677
1193,1,2661,2679
1194,1,2661,2680
1198,1,2661,2721
1199,1,2661,2722
1200,1,2661,2765
1201,1,2661,2766
1202,1,2661,2767
1203,1,2661,2770
1204,1,2661,2771
1207,1,2661,2793
1208,1,2661,2794
1221,1,2662,2675
1222,1,2662,2677
1224,1,2662,2679
1225,1,2662,2680
1228,1,2662,2699
1229,1,2662,2721
1230,1,2662,2722
1231,1,2662,2762
1232,1,2662,2763
1233,1,2662,2764
1234,1,2662,2768
1235,1,2662,2777
1236,1,2662,2846
1237,1,2344,2554
1238,1,2344,2518
1239,1,2344,2565
1241,1,2344,2579
1242,1,2344,2580
1246,1,2344,2607
1247,1,2344,2618
1248,1,2344,2625
1250,1,2344,2660
1253,1,2344,2661
1254,1,2344,2345
1255,1,2344,2540
1256,1,2345,2610
1257,1,2345,2657
1259,1,2345,2659
1262,1,2345,2346
1263,1,2345,2669
1264,1,2345,2769
1265,1,2345,2463
1266,1,2345,2849
1269,1,2346,2557
1270,1,2346,2518
1272,1,2346,2579
1273,1,2346,2580
1276,1,2346,2618
1277,1,2346,2660
1280,1,2346,2661
1282,1,2346,2669
1283,1,2346,2675
1284,1,2346,2677
1286,1,2346,2679
1287,1,2346,2680
1288,1,2346,2371
1289,1,2346,2372
1290,1,2346,2699
1291,1,2346,2721
1292,1,2346,2722
1293,1,2346,2762
1294,1,2346,2763
1295,1,2346,2764
1296,1,2346,2768
1297,1,2346,2777
1298,1,2346,2846
1302,1,2664,2724
1305,1,2664,2875
1308,1,2348,2541
1309,1,2349,2394
1310,1,2349,2864
1312,1,2667,2677
1315,1,2667,2724
1316,1,2667,2729
1317,1,2667,2732
1318,1,2667,2762
1319,1,2667,2763
1320,1,2667,2764
1321,1,2667,2765
1322,1,2667,2766
1323,1,2667,2768
1324,1,2667,2769
1325,1,2667,2829
1330,1,2351,2554
1332,1,2351,2555
1333,1,2351,2558
1335,1,2351,2563
1336,1,2351,2575
1338,1,2351,2593
1339,1,2351,2594
1340,1,2351,2629
1342,1,2351,2646
1343,1,2351,2656
1344,1,2351,2667
1346,1,2351,2353
1347,1,2351,2699
1348,1,2351,2535
1349,1,2351,2724
1350,1,2351,2732
1351,1,2351,2770
1352,1,2351,2771
1353,1,2351,2433
1354,1,2351,2435
1355,1,2351,2793
1356,1,2351,2794
1357,1,2351,2459
1358,1,2351,2542
1359,1,776,2301
1360,1,776,2593
1361,1,776,2594
1362,1,776,2629
1363,1,776,2646
1364,1,776,2656
1365,1,776,2351
1366,1,776,2535
1367,1,776,2505
1368,1,776,2875
1370,1,2353,2593
1371,1,2353,2594
1372,1,2353,2629
1373,1,2353,2656
1377,1,2353,2732
1378,1,2353,2762
1379,1,2353,2763
1380,1,2353,2764
1381,1,2353,2765
1382,1,2353,2766
1383,1,2353,2768
1384,1,2353,2769
1385,1,2352,2667
1395,1,2357,2481
1396,1,2357,2863
1405,1,2673,2760
1406,1,2360,2604
1407,1,2360,2673
1421,1,2675,2679
1422,1,2675,2680
1424,1,2675,2699
1427,1,2675,2732
1428,1,2675,2762
1429,1,2675,2763
1430,1,2675,2764
1431,1,2675,2769
1433,1,2675,2875
1454,1,2677,2685
1455,1,2677,2686
1456,1,2677,2687
1457,1,2677,2699
1458,1,2677,2762
1459,1,2677,2763
1460,1,2677,2764
1461,1,2677,2768
1462,1,2677,2769
1463,1,853,2553
1464,1,853,2554
1465,1,853,2518
1466,1,853,2565
1467,1,853,2285
1468,1,853,2580
1469,1,853,2295
1470,1,853,2301
1471,1,853,2593
1472,1,853,2594
1473,1,853,2629
1474,1,853,2646
1475,1,853,2647
1476,1,853,2526
1477,1,853,2529
1478,1,853,2656
1479,1,853,2657
1480,1,853,2661
1481,1,853,2662
1482,1,853,2346
1483,1,853,2667
1484,1,853,2685
1485,1,853,2686
1486,1,853,2687
1487,1,853,2762
1488,1,853,2763
1489,1,853,2764
1490,1,853,2768
1491,1,853,2769
1492,1,853,2771
1510,1,2679,2699
1511,1,2679,2762
1512,1,2679,2763
1513,1,2679,2764
1514,1,2679,2768
1515,1,2679,2769
1516,1,2679,2771
1534,1,2680,2762
1535,1,2680,2763
1536,1,2680,2764
1537,1,2680,2768
1538,1,2680,2769
1539,1,2680,2771
1543,1,2683,2854
1548,1,2684,2854
1577,1,2686,2872
1593,1,2687,2721
1594,1,2687,2722
1598,1,2694,2772
1599,1,2694,2773
1600,1,2694,2814
1601,1,2370,2583
1603,1,2370,2746
1604,1,2371,2553
1605,1,2371,2518
1610,1,2371,2523
1611,1,2371,2580
1614,1,2371,2647
1615,1,2371,2661
1616,1,2371,2662
1618,1,2371,2685
1619,1,2371,2686
1620,1,2371,2687
1621,1,2372,2553
1622,1,2372,2518
1627,1,2372,2523
1628,1,2372,2580
1631,1,2372,2647
1632,1,2372,2661
1633,1,2372,2662
1635,1,2372,2685
1636,1,2372,2686
1637,1,2372,2687
1639,1,2374,2449
1640,1,2375,2615
1642,1,2375,2468
1643,1,2375,2826
1644,1,2377,2853
1645,1,2377,2488
1646,1,2378,2853
1647,1,2378,2488
1649,1,2698,2853
1650,1,2698,2854
1652,1,2380,2553
1653,1,2380,2554
1654,1,2380,2518
1655,1,2380,2565
1657,1,2380,2580
1660,1,2380,2591
1661,1,2380,2661
1662,1,2380,2675
1663,1,2380,2685
1664,1,2380,2686
1665,1,2380,2687
1666,1,2380,2690
1667,1,2380,2699
1668,1,2380,2762
1669,1,2380,2763
1670,1,2380,2764
1671,1,2380,2768
1672,1,2380,2769
1687,1,2707,2871
1688,1,2708,2871
1691,1,2710,2729
1692,1,2535,2575
1695,1,2535,2629
1696,1,2535,2646
1697,1,2535,2656
1698,1,2535,2657
1699,1,2535,2667
1702,1,2535,2675
1703,1,2535,2729
1704,1,2389,2552
1705,1,2389,2608
1707,1,1021,2578
1715,1,2719,2785
1716,1,2719,2874
1717,1,2393,2719
1718,1,2393,2720
1719,1,2393,2401
1720,1,2393,2854
1725,1,2720,2785
1726,1,2720,2874
1728,1,2394,2743
1729,1,2394,2864
1760,1,2395,2724
1761,1,2395,2397
1762,1,2395,2764
1763,1,2395,2766
1764,1,2395,2771
1765,1,2395,2505
1766,1,2395,2875
1783,1,2724,2764
1784,1,2724,2766
1785,1,2724,2771
1787,1,2397,2583
1788,1,2397,2640
1789,1,2397,2646
1790,1,2397,2664
1792,1,2397,2764
1793,1,2397,2771
1794,1,2397,2471
1795,1,2397,2513
1798,1,2401,2719
1800,1,2401,2720
1801,1,2402,2441
1802,1,2515,2689
1803,1,2515,2691
1811,1,2406,2525
1812,1,2406,2686
1813,1,1207,2736
1814,1,1207,2737
1815,1,1207,2738
1816,1,1207,2739
1817,1,1207,2864
1818,1,1216,2302
1819,1,1216,2603
1820,1,1216,2309
1821,1,1216,2629
1822,1,1216,2646
1823,1,1216,2656
1824,1,1216,2657
1826,1,1216,2675
1827,1,1216,2762
1828,1,1216,2763
1829,1,1216,2764
1830,1,1216,2765
1831,1,1216,2766
1832,1,1216,2768
1833,1,1216,2434
1834,1,1216,2211
1851,1,2734,2765
1852,1,2734,2767
1854,1,2735,2765
1855,1,2735,2767
1868,1,2743,2864
1870,1,2414,2879
1872,1,2416,2744
1873,1,2417,2579
1874,1,2417,2618
1875,1,2418,2769
1876,1,2418,2463
1877,1,2418,2846
1878,1,2418,2849
1879,1,2418,2494
1883,1,2746,2783
1888,1,2538,2540
1895,1,2423,2854
1902,1,2760,2835
1904,1,2424,2604
1905,1,2424,2622
1906,1,2424,2623
1907,1,2424,2624
1908,1,2424,2625
1909,1,2424,2835
1910,1,2424,2480
1939,1,2762,2767
1970,1,2763,2767
2005,1,2764,2767
2033,1,2765,2767
2034,1,2765,2803
2058,1,2766,2770
2059,1,2766,2771
2063,1,2766,2793
2064,1,2766,2794
2068,1,2766,2875
2085,1,2767,2769
2086,1,2767,2770
2087,1,2767,2771
2091,1,2767,2793
2092,1,2767,2794
2093,1,2767,2803
2122,1,2768,2770
2123,1,2768,2771
2127,1,2768,2793
2128,1,2768,2794
2180,1,2770,2793
2181,1,2770,2794
2210,1,2771,2793
2211,1,2771,2794
2219,1,2774,2790
2234,1,2427,2554
2236,1,2427,2555
2238,1,2427,2557
2239,1,2427,2558
2240,1,2427,2563
2241,1,2427,2603
2245,1,2427,2661
2246,1,2427,2766
2247,1,2427,2767
2248,1,2427,2768
2249,1,2427,2770
2250,1,2427,2771
2251,1,2427,2866
2252,1,2428,2603
2253,1,2428,2435
2254,1,2428,2863
2256,1,2779,2863
2260,1,2431,2562
2269,1,2785,2829
2272,1,2785,2854
2274,1,2433,2557
2276,1,2433,2683
2277,1,2433,2684
2278,1,2433,2698
2279,1,2433,2766
2280,1,2433,2767
2281,1,2433,2768
2282,1,2433,2770
2283,1,2433,2771
2284,1,2433,2785
2285,1,2433,2435
2286,1,2433,2793
2287,1,2433,2794
2288,1,2433,2459
2289,1,2434,2529
2291,1,2434,2435
2292,1,2434,2542
2293,1,2434,2853
2294,1,2434,2488
2295,1,2434,2875
2296,1,2435,2554
2297,1,2435,2555
2298,1,2435,2558
2299,1,2435,2661
2301,1,2435,2766
2302,1,2435,2767
2303,1,2435,2768
2304,1,2435,2770
2305,1,2435,2771
2307,1,2435,2779
2310,1,2435,2442
2311,1,2435,2443
2312,1,2435,2809
2313,1,2435,2810
2314,1,2435,2876
2315,1,2787,2788
2317,1,2788,2790
2318,1,2788,2791
2319,1,2788,2792
2375,1,2797,2798
2380,1,2442,2793
2381,1,2442,2794
2382,1,2442,2798
2383,1,2442,2803
2385,1,2443,2793
2388,1,2799,2846
2391,1,2540,2659
2392,1,2540,2660
2398,1,2449,2697
2399,1,2452,2608
2405,1,2804,2853
2406,1,2804,2854
2407,1,2804,2856
2417,1,2459,2554
2419,1,2459,2555
2420,1,2459,2558
2421,1,2459,2563
2425,1,2459,2766
2426,1,2459,2767
2427,1,2459,2768
2428,1,2459,2770
2429,1,2459,2771
2430,1,2459,2772
2431,1,2459,2773
2432,1,2459,2785
2434,1,2459,2793
2435,1,2459,2829
2436,1,2459,2471
2437,1,2459,2513
2438,1,2459,2494
2439,1,2459,2496
2441,1,2460,2555
2442,1,2820,2831
2443,1,2463,2618
2446,1,2463,2684
2448,1,2464,2781
2449,1,2465,2529
2450,1,2465,2480
2451,1,2465,2863
2453,1,2542,2593
2455,1,2542,2594
2457,1,2542,2629
2458,1,2542,2646
2459,1,2542,2656
2460,1,2542,2657
2462,1,2542,2675
2463,1,2542,2766
2464,1,2542,2768
2466,1,2542,2829
2470,1,2825,2842
2473,1,2468,2538
2477,1,2826,2827
2480,1,2469,2826
2499,1,2829,2832
2500,1,2829,2835
2501,1,2829,2842
2506,1,2830,2832
2507,1,2830,2835
2508,1,2830,2842
2516,1,2831,2835
2525,1,2832,2833
2526,1,2832,2834
2528,1,2471,2544
2531,1,2471,2575
2532,1,2471,2625
2533,1,2471,2627
2534,1,2471,2629
2535,1,2471,2631
2536,1,2471,2656
2538,1,2471,2657
2540,1,2471,2667
2542,1,2471,2785
2544,1,2471,2542
2545,1,2471,2832
2547,1,2513,2544
2550,1,2513,2575
2551,1,2513,2625
2552,1,2513,2627
2553,1,2513,2629
2554,1,2513,2631
2556,1,2513,2656
2558,1,2513,2657
2560,1,2513,2667
2562,1,2513,2785
2564,1,2513,2542
2565,1,2513,2832
2566,1,2513,2835
2567,1,2513,2842
2575,1,2833,2835
2576,1,2833,2842
2584,1,2834,2835
2585,1,2834,2842
2604,1,2478,2797
2607,1,2478,2798
2608,1,2478,2811
2609,1,2479,2842
2610,1,2480,2622
2611,1,2480,2623
2612,1,2480,2624
2613,1,2480,2760
2616,1,2480,2842
2617,1,2480,2865
2619,1,2481,2863
2620,1,2482,2579
2621,1,2483,2608
2622,1,2483,2793
2623,1,2483,2794
2653,1,2486,2639
2661,1,2853,2854
2662,1,2853,2856
2679,1,2488,2698
2681,1,2488,2804
2682,1,2488,2854
2683,1,2488,2856
2696,1,2864,2879
2703,1,2494,2552
2705,1,2494,2577
2706,1,2494,2580
2707,1,2494,2608
2708,1,2494,2618
2712,1,2495,2580
2713,1,2495,2608
2714,1,2495,2618
2716,1,2496,2629
2717,1,2496,2724
2719,1,2499,2592
2738,1,2503,2743
2739,1,2503,2781
2740,1,2503,2842
2741,1,2504,2542
2742,1,2504,2505
2743,1,2504,2875
2745,1,2505,2575
2746,1,2505,2582
2747,1,2505,2583
2748,1,2505,2629
2749,1,2505,2630
2750,1,2505,2640
2751,1,2505,2646
2752,1,2505,2656
2753,1,2505,2657
2754,1,2505,2658
2755,1,2505,2664
2756,1,2505,2667
2760,1,2505,2732
2761,1,2505,2766
2762,1,2505,2768
2763,1,2505,2542
2784,1,2506,2560
2787,1,2211,2271
2788,1,2211,2560
2789,1,2211,2301
2790,1,2211,2593
2791,1,2211,2594
2792,1,2211,2640
2793,1,2211,2646
2794,1,2211,2664
2795,1,2211,2395
2797,1,2211,2766
2798,1,2211,2768
2802,2,2547,2587
2803,2,2547,2620
2804,2,2547,2660
2806,2,2547,2746
2807,2,2547,2757
2808,2,2547,2772
2809,2,2266,2685
2810,2,27,2288
2811,2,27,2685
2812,2,27,2737
2813,2,27,2739
2815,2,2548,2611
2816,2,2548,2633
2817,2,2548,2733
2818,2,2268,2582
2819,2,2270,2770
2820,2,2270,2771
2821,2,2271,2587
2822,2,2271,2664
2823,2,2271,2370
2824,2,2271,2771
2826,2,2552,2619
2827,2,2552,2620
2831,2,2553,2554
2832,2,2553,2558
2833,2,2553,2563
2835,2,2553,2662
2837,2,2553,2677
2838,2,2553,2699
2839,2,2553,2762
2840,2,2553,2763
2841,2,2553,2764
2842,2,2553,2768
2843,2,2553,2769
2844,2,2277,2555
2845,2,2277,2368
2846,2,2277,2389
2847,2,2277,2483
2849,2,2554,2555
2851,2,2554,2558
2852,2,2554,2563
2853,2,2554,2565
2856,2,2554,2587
2859,2,2554,2763
2860,2,2554,2764
2861,2,2554,2768
2862,2,2554,2769
2864,2,80,81
2865,2,80,2558
2866,2,80,2563
2867,2,80,523
2868,2,80,2662
2869,2,80,2699
2870,2,80,2433
2871,2,80,2435
2874,2,2555,2558
2875,2,2555,2563
2877,2,2555,2661
2878,2,2555,2662
2879,2,2555,2699
2881,2,81,2548
2883,2,81,2874
2885,2,2557,2733
2886,2,2557,2854
2891,2,2558,2661
2892,2,2558,2662
2893,2,2558,2699
2894,2,2558,2786
2895,2,2280,2555
2897,2,2280,2558
2898,2,2280,2563
2899,2,2560,2759
2900,2,2560,2810
2901,2,2561,2761
2902,2,2518,2565
2903,2,2518,2519
2904,2,2518,2677
2910,2,2563,2662
2911,2,2563,2699
2919,2,2565,2662
2920,2,2565,2677
2921,2,2565,2699
2922,2,2565,2762
2923,2,2565,2763
2924,2,2565,2764
2925,2,2565,2768
2926,2,2565,2769
2928,2,2519,2565
2930,2,2285,2554
2931,2,2285,2519
2932,2,2285,2677
2933,2,2569,2608
2934,2,2574,2767
2935,2,2575,2629
2938,2,2575,2875
2939,2,2576,2767
2941,2,2288,2577
2942,2,2288,2730
2945,2,2577,2672
2946,2,2577,2699
2948,2,2577,2730
2951,2,2577,2736
2952,2,2577,2789
2953,2,2577,2790
2954,2,2577,2791
2955,2,2577,2792
2956,2,2522,2668
2957,2,2289,2735
2958,2,2290,2735
2959,2,2579,2619
2963,2,2294,2581
2964,2,2294,2582
2968,2,2295,2553
2969,2,2295,2565
2970,2,2296,2553
2971,2,2296,2554
2972,2,2296,2565
2974,2,2296,2662
2976,2,2296,2762
2977,2,2296,2763
2978,2,2296,2764
2979,2,2296,2768
2980,2,2296,2769
2983,2,2587,2771
2984,2,2588,2596
2985,2,2588,2737
2986,2,2588,2738
2987,2,2588,2739
2990,2,2589,2860
2991,2,2589,2861
2993,2,249,2592
2994,2,249,2340
2995,2,249,2796
2996,2,249,2797
2997,2,249,2499
2999,2,2300,2340
3000,2,2300,2684
3001,2,2300,2796
3002,2,2300,2797
3003,2,2300,2837
3004,2,2301,2302
3005,2,2301,2594
3006,2,2301,2629
3007,2,2301,2535
3008,2,2301,2724
3011,2,2593,2594
3012,2,2593,2629
3014,2,2593,2724
3017,2,2302,2593
3020,2,2594,2629
3022,2,2594,2724
3026,2,2596,2737
3027,2,2596,2738
3028,2,2596,2739
3030,2,2598,2737
3031,2,2598,2738
3032,2,2598,2739
3033,2,2599,2600
3039,2,2303,2305
3040,2,2304,2599
3041,2,2304,2600
3042,2,2305,2600
3044,2,2601,2880
3045,2,2306,2373
3046,2,2307,2373
3047,2,2603,2733
3048,2,2604,2643
3049,2,322,2528
3050,2,322,2677
3052,2,322,2679
3053,2,322,2680
3054,2,322,2371
3055,2,322,2372
3056,2,322,2380
3057,2,322,2722
3059,2,2607,2677
3061,2,2607,2679
3062,2,2607,2680
3066,2,2607,2722
3067,2,2309,2528
3068,2,2309,2675
3069,2,2309,2677
3071,2,2309,2679
3072,2,2309,2680
3073,2,2309,2722
3077,2,2612,2614
3078,2,2613,2614
3083,2,2618,2660
3085,2,2618,2846
3092,2,2311,2618
3093,2,2311,2619
3095,2,2311,2342
3096,2,2311,2772
3097,2,2311,2540
3098,2,403,2524
3099,2,403,2335
3100,2,403,2336
3105,2,2524,2621
3106,2,2524,2687
3107,2,2622,2625
3109,2,2622,2829
3110,2,2622,2830
3111,2,2622,2831
3114,2,2622,2833
3115,2,2622,2834
3118,2,2623,2829
3119,2,2623,2830
3120,2,2623,2831
3123,2,2623,2833
3124,2,2623,2834
3125,2,2624,2625
3127,2,2624,2829
3128,2,2624,2830
3129,2,2624,2831
3132,2,2624,2833
3133,2,2624,2834
3136,2,2625,2835
3138,2,2314,2622
3139,2,2314,2623
3140,2,2314,2624
3141,2,2314,2717
3142,2,2314,2829
3143,2,2314,2831
3144,2,2314,2471
3145,2,2314,2513
3146,2,2314,2833
3147,2,2314,2834
3149,2,2627,2665
3150,2,2627,2835
3156,2,2629,2659
3157,2,2629,2724
3158,2,2631,2632
3160,2,2632,2634
3162,2,2633,2634
3165,2,2318,2747
3166,2,2318,2748
3167,2,2318,2847
3168,2,2318,2849
3169,2,2318,2486
3170,2,2318,2850
3172,2,503,2273
3173,2,503,2639
3174,2,2640,2641
3175,2,2640,2642
3181,2,2321,2661
3182,2,2321,2662
3183,2,2321,2699
3184,2,2321,2433
3185,2,523,2554
3187,2,523,2555
3188,2,523,2558
3189,2,523,2563
3191,2,2646,2656
3192,2,2646,2657
3193,2,2646,2763
3194,2,2324,2642
3195,2,2325,2779
3196,2,2325,2443
3197,2,2325,2798
3198,2,2648,2726
3199,2,2649,2726
3200,2,2652,2804
3201,2,2653,2804
3203,2,2335,2621
3205,2,2336,2621
3206,2,2336,2765
3207,2,2338,2443
3208,2,2339,2779
3211,2,2526,2575
3212,2,2526,2629
3214,2,2528,2607
3216,2,2529,2542
3220,2,2656,2729
3221,2,730,2656
3223,2,730,2729
3224,2,730,2495
3225,2,730,2496
3228,2,731,2565
3229,2,731,2296
3230,2,731,2656
3232,2,731,2657
3233,2,2658,2661
3234,2,2658,2662
3239,2,2658,2732
3241,2,2658,2849
3242,2,2658,2875
3243,2,732,2311
3244,2,732,2341
3245,2,732,2661
3246,2,732,2662
3247,2,732,2346
3248,2,732,2769
3249,2,732,2777
3250,2,732,2846
3252,2,2659,2660
3258,2,2341,2659
3259,2,2341,2342
3260,2,2341,2345
3261,2,2341,2540
3262,2,2342,2579
3270,2,2661,2762
3271,2,2661,2763
3272,2,2661,2764
3273,2,2661,2768
3286,2,2662,2849
3287,2,2344,2553
3288,2,2344,2658
3289,2,2344,2769
3290,2,2344,2777
3291,2,2344,2846
3292,2,2345,2579
3293,2,2345,2618
3294,2,2345,2660
3295,2,2345,2846
3296,2,2346,2658
3298,2,2346,2380
3299,2,2346,2769
3302,2,2664,2766
3304,2,2348,2557
3305,2,2348,2669
3306,2,2348,2394
3307,2,2348,2771
3308,2,2351,2763
3309,2,2351,2764
3310,2,2351,2765
3311,2,2351,2767
3312,2,2351,2769
3313,2,776,2575
3314,2,776,2542
3318,2,2669,2670
3319,2,2669,2771
3320,2,2669,2806
3321,2,2356,2669
3324,2,2672,2699
3326,2,2672,2787
3327,2,2672,2790
3328,2,2672,2785
3329,2,2672,2792
3331,2,2514,2599
3334,2,2675,2768
3346,2,2677,2721
3347,2,853,2296
3349,2,853,2607
3350,2,853,2309
3351,2,853,2675
3352,2,853,2677
3353,2,853,2679
3354,2,853,2680
3355,2,853,2380
3361,2,2679,2721
3367,2,2680,2721
3368,2,2683,2684
3369,2,2683,2856
3372,2,2684,2856
3375,2,2686,2687
3379,2,2689,2690
3381,2,2690,2691
3383,2,2532,2772
3384,2,2532,2773
3385,2,2532,2814
3388,2,2368,2772
3389,2,2368,2773
3390,2,2368,2814
3391,2,2369,2772
3392,2,2369,2773
3393,2,2369,2814
3399,2,2371,2607
3400,2,2371,2677
3403,2,2372,2607
3404,2,2372,2677
3408,2,2373,2719
3409,2,2373,2720
3410,2,2698,2793
3412,2,2698,2856
3414,2,2380,2607
3415,2,2380,2662
3417,2,2380,2677
3419,2,2380,2679
3420,2,2380,2680
3431,2,2699,2736
3432,2,2699,2787
3433,2,2699,2790
3434,2,2699,2791
3435,2,2699,2792
3437,2,967,2577
3438,2,967,2672
3439,2,967,2412
3440,2,967,2736
3441,2,967,2787
3442,2,967,2880
3443,2,967,2791
3444,2,967,2792
3445,2,967,2438
3446,2,2384,2707
3447,2,2384,2708
3451,2,2535,2593
3452,2,2535,2594
3453,2,2535,2658
3454,2,2388,2552
3455,2,2388,2620
3456,2,2388,2389
3459,2,2714,2715
3461,2,1021,2589
3462,2,1021,2590
3465,2,2719,2854
3467,2,2720,2854
3469,2,2394,2503
3483,2,2724,2875
3484,2,2397,2766
3485,2,2397,2505
3486,2,2397,2875
3489,2,2401,2640
3490,2,2401,2642
3492,2,2536,2783
3497,2,2730,2809
3498,2,1207,2288
3499,2,1207,2577
3500,2,1216,2301
3501,2,1216,2593
3502,2,1216,2594
3503,2,1216,2658
3504,2,1216,2732
3505,2,1216,2282
3506,2,1216,2505
3507,2,1216,2875
3510,2,2732,2769
3515,2,2733,2854
3517,2,2412,2577
3518,2,2412,2672
3519,2,2412,2699
3521,2,2412,2737
3522,2,2412,2738
3523,2,2412,2739
3529,2,2736,2737
3530,2,2736,2738
3531,2,2736,2739
3549,2,2414,2864
3551,2,2418,2540
3554,2,2747,2847
3555,2,2747,2849
3556,2,2747,2850
3558,2,2748,2816
3559,2,2748,2847
3560,2,2748,2849
3561,2,2748,2850
3562,2,2753,2820
3563,2,2753,2821
3574,2,2762,2765
3575,2,2762,2766
3583,2,2763,2765
3584,2,2763,2766
3591,2,2764,2765
3592,2,2764,2766
3598,2,2765,2766
3599,2,2765,2768
3600,2,2765,2769
3609,2,2766,2767
3610,2,2766,2769
3615,2,2767,2768
3654,2,2774,2787
3655,2,2774,2841
3656,2,2776,2795
3659,2,2777,2846
3660,2,2777,2849
3661,2,2427,2779
3666,2,2429,2430
3669,2,2433,2554
3671,2,2433,2555
3672,2,2433,2558
3673,2,2433,2563
3675,2,2433,2661
3677,2,2435,2781
3692,2,2438,2672
3693,2,2438,2699
3697,2,2795,2796
3705,2,2442,2797
3706,2,2442,2443
3709,2,2443,2794
3710,2,2443,2797
3712,2,2443,2798
3713,2,2443,2803
3716,2,2540,2579
3719,2,2540,2686
3722,2,2452,2698
3724,2,2453,2804
3727,2,2809,2812
3729,2,2810,2811
3730,2,2811,2812
3738,2,2459,2745
3739,2,2460,2850
3743,2,2463,2753
3744,2,2463,2820
3746,2,2542,2658
3748,2,2542,2732
3753,2,2829,2831
3754,2,2829,2833
3758,2,2830,2831
3759,2,2830,2833
3768,2,2831,2834
3769,2,2471,2622
3770,2,2471,2623
3771,2,2471,2624
3773,2,2471,2831
3774,2,2513,2622
3775,2,2513,2623
3776,2,2513,2624
3778,2,2513,2831
3779,2,2513,2833
3787,2,2833,2834
3796,2,2835,2842
3802,2,2478,2560
3803,2,2479,2560
3805,2,2480,2625
3814,2,2846,2849
3838,2,2490,2589
3842,2,2493,2734
3845,2,2869,2870
3850,2,2500,2872
3853,2,2505,2594
3854,2,2505,2724
3857,2,2505,2875
3865,2,2233,2325
3867,3,2261,2544
3868,3,2261,2262
3869,3,2261,2263
3874,3,2262,2544
3875,3,2262,2263
3877,3,2263,2544
3879,3,23,2264
3881,3,2265,2545
3882,3,2265,2546
3884,3,2545,2546
3888,3,27,2266
3889,3,2270,2271
3891,3,2273,2638
3892,3,2273,2639
3896,3,2277,2579
3897,3,2554,2662
3898,3,2554,2699
3899,3,80,2555
3901,3,81,2557
3902,3,81,2633
3904,3,2557,2633
3905,3,2280,2554
3907,3,2559,2693
3909,3,2563,2675
3912,3,2285,2553
3913,3,2285,2518
3914,3,2285,2565
3916,3,2520,2567
3917,3,2574,2575
3918,3,2574,2576
3924,3,2289,2290
3925,3,2289,2523
3927,3,2290,2523
3932,3,2581,2582
3934,3,2295,2296
3935,3,2295,2677
3937,3,2587,2588
3939,3,2589,2590
3941,3,249,2300
3944,3,2300,2592
3945,3,2301,2593
3947,3,2596,2598
3950,3,2303,2599
3951,3,2304,2305
3953,3,2305,2514
3957,3,2306,2602
3958,3,2306,2307
3959,3,2307,2602
3961,3,322,2607
3962,3,322,2309
3963,3,322,2721
3967,3,2309,2607
3968,3,2309,2721
3969,3,2612,2613
3971,3,2615,2616
3973,3,2618,2619
3974,3,2618,2620
3978,3,2619,2620
3981,3,2311,2620
3982,3,2311,2660
3983,3,2311,2345
3984,3,2622,2623
3985,3,2622,2624
3988,3,2623,2625
3994,3,2630,2631
3995,3,2630,2632
3998,3,2316,2633
3999,3,2316,2634
4005,3,2318,2638
4006,3,2318,2639
4010,3,2638,2639
4015,3,503,2318
4016,3,503,2638
4017,3,2641,2642
4019,3,2321,2562
4021,3,523,2321
4022,3,2645,2698
4023,3,2645,2779
4026,3,2325,2442
4027,3,2648,2649
4029,3,2652,2653
4030,3,2652,2813
4032,3,2653,2813
4033,3,2335,2336
4035,3,2338,2753
4036,3,2338,2803
4037,3,2526,2527
4038,3,2526,2528
4040,3,2527,2528
4043,3,2656,2657
4044,3,730,2657
4047,3,2658,2769
4048,3,732,2344
4051,3,2341,2660
4052,3,2342,2618
4053,3,2342,2629
4054,3,2661,2662
4060,3,2344,2662
4061,3,2344,2346
4062,3,2344,2849
4063,3,2345,2547
4065,3,2345,2540
4066,3,2346,2662
4069,3,2664,2771
4070,3,2349,2667
4071,3,2349,2743
4076,3,2351,2766
4077,3,2351,2768
4078,3,776,2667
4079,3,776,2353
4080,3,2353,2575
4081,3,2353,2667
4084,3,2356,2670
4085,3,2356,2806
4087,3,2670,2806
4088,3,2364,2514
4094,3,2677,2679
4095,3,2677,2680
4097,3,2679,2680
4104,3,2685,2686
4105,3,2685,2687
4108,3,2689,2691
4113,3,2532,2694
4114,3,2368,2532
4115,3,2368,2369
4116,3,2369,2532
4119,3,2370,2664
4120,3,2371,2679
4121,3,2371,2680
4122,3,2371,2372
4123,3,2372,2679
4124,3,2372,2680
4126,3,2373,2602
4128,3,2374,2697
4129,3,2377,2378
4134,3,967,2699
4135,3,2700,2701
4138,3,2534,2702
4139,3,2707,2708
4143,3,2535,2710
4144,3,2719,2720
4149,3,2721,2722
4152,3,2397,2629
4153,3,2397,2724
4156,3,1216,2542
4157,3,2734,2735
4158,3,2412,2736
4161,3,2737,2738
4162,3,2737,2739
4164,3,2738,2739
4168,3,2747,2748
4169,3,2747,2816
4171,3,2421,2841
4173,3,2755,2757
4177,3,2762,2763
4178,3,2762,2764
4179,3,2762,2768
4180,3,2762,2769
4182,3,2763,2764
4183,3,2763,2768
4184,3,2763,2769
4187,3,2764,2768
4188,3,2764,2769
4191,3,2766,2768
4197,3,2768,2769
4203,3,2770,2771
4207,3,2772,2773
4208,3,2772,2814
4210,3,2773,2814
4211,3,2427,2428
4213,3,2428,2779
4216,3,2787,2789
4217,3,2787,2790
4218,3,2787,2791
4219,3,2787,2792
4222,3,2789,2790
4223,3,2789,2791
4224,3,2789,2792
4228,3,2790,2791
4229,3,2790,2792
4234,3,2791,2792
4241,3,2438,2787
4242,3,2438,2789
4243,3,2438,2790
4244,3,2438,2791
4245,3,2438,2792
4246,3,2793,2794
4248,3,2441,2795
4249,3,2441,2796
4253,3,2442,2709
4254,3,2444,2799
4256,3,2540,2618
4259,3,2449,2450
4261,3,2452,2804
4262,3,2452,2453
4269,3,2806,2807
4270,3,2806,2808
4272,3,2807,2808
4275,3,2809,2810
4276,3,2809,2811
4286,3,2541,2814
4288,3,2818,2853
4290,3,2461,2819
4291,3,2820,2821
4293,3,2463,2821
4294,3,2823,2876
4295,3,2466,2637
4296,3,2542,2575
4297,3,2542,2667
4299,3,2468,2826
4300,3,2468,2469
4301,3,2468,2827
4303,3,2469,2827
4306,3,2829,2830
4309,3,2829,2834
4317,3,2830,2834
4318,3,2831,2832
4319,3,2831,2833
4321,3,2832,2835
4322,3,2471,2646
4323,3,2471,2829
4324,3,2471,2830
4325,3,2471,2513
4326,3,2513,2646
4327,3,2513,2829
4328,3,2513,2830
4330,3,2513,2834
4336,3,2839,2840
4339,3,2847,2849
4341,3,2847,2850
4346,3,2849,2850
4347,3,2486,2847
4348,3,2486,2849
4349,3,2486,2850
4355,3,2854,2856
4357,3,2488,2853
4358,3,2857,2859
4360,3,2490,2860
4361,3,2490,2861
4363,3,2860,2861
4367,3,2865,2866
4368,3,2493,2865
4369,3,2493,2866
4372,3,2494,2699
4373,3,2494,2496
4374,3,2495,2579
4376,3,2867,2868
4378,3,2869,2871
4382,3,2503,2876
